chembl_id,canonical_smiles,target,pIC50,MW,LogP,nHBDon,nHBAcc
CHEMBL1466,O=c1oc2ccccc2c(O)c1Cc1c(O)c2ccccc2oc1=O,inactive,4.820000071285178,336.29900000000004,2.9014000000000006,2.0,6.0
CHEMBL260998,O=c1oc2ccccc2c(O)c1C(c1ccc[nH]1)c1c(O)c2ccccc2oc1=O,inactive,4.330000038335378,401.37400000000014,3.818900000000001,3.0,6.0
CHEMBL260997,CCOc1cc(C(c2c(O)c3ccccc3oc2=O)c2c(O)c3ccccc3oc2=O)ccc1O,inactive,4.040000018741066,472.44900000000024,4.595100000000004,3.0,8.0
CHEMBL258733,O=c1oc2ccccc2c(O)c1C(c1c(O)c2ccccc2oc1=O)c1c[nH]c2ccccc12,inactive,4.210000001311122,451.43400000000014,4.972100000000003,3.0,6.0
CHEMBL81935,O=c1c(C(c2ccc([N+](=O)[O-])cc2)c2c(O)oc3ccccc3c2=O)c(O)oc2ccccc12,inactive,4.149999990420336,457.3940000000002,4.399000000000003,2.0,8.0
CHEMBL409739,O=c1oc2ccccc2c(O)c1C(c1cccc([N+](=O)[O-])c1)c1c(O)c2ccccc2oc1=O,inactive,4.090000008636461,457.39400000000023,4.399000000000003,2.0,8.0
CHEMBL430228,Nc1cccc(C(c2c(O)c3ccccc3oc2=O)c2c(O)c3ccccc3oc2=O)c1,inactive,4.119999985703918,427.4120000000002,4.073000000000002,3.0,7.0
CHEMBL409439,O=c1oc2ccccc2c(O)c1C(c1cccc(O)c1)c1c(O)c2ccccc2oc1=O,inactive,4.1399999760652255,428.3960000000002,4.1964000000000015,3.0,7.0
CHEMBL259477,O=c1oc2ccccc2c(O)c1C(c1cccnc1)c1c(O)c2ccccc2oc1=O,inactive,4.449999986821809,413.38500000000016,3.8858000000000015,2.0,7.0
CHEMBL259153,O=c1oc2ccccc2c(O)c1C(c1ccncc1)c1c(O)c2ccccc2oc1=O,inactive,4.229999967073058,413.38500000000016,3.8858000000000015,2.0,7.0
CHEMBL259154,O=c1oc2ccccc2c(O)c1C(/C=C/c1ccccc1)c1c(O)c2ccccc2oc1=O,inactive,4.219999989963101,438.4350000000002,5.1559000000000035,2.0,6.0
CHEMBL409740,C/C=C/C(c1c(O)c2ccccc2oc1=O)c1c(O)c2ccccc2oc1=O,inactive,4.360000032076103,376.3640000000001,4.018600000000002,2.0,6.0
CHEMBL261558,CCCCC(c1c(O)c2ccccc2oc1=O)c1c(O)c2ccccc2oc1=O,inactive,4.190000019529944,392.4070000000001,4.632700000000004,2.0,6.0
CHEMBL261789,O=c1oc2ccccc2c(O)c1C(CCc1ccccc1)c1c(O)c2ccccc2oc1=O,inactive,4.169999984192581,440.45100000000014,5.075300000000004,2.0,6.0
CHEMBL1904453,CC(C)c1ccc(C(c2c(O)oc3ccccc3c2=O)c2c(O)oc3ccccc3c2=O)cc1,inactive,4.079999984911641,454.4780000000002,5.6142000000000065,2.0,6.0
CHEMBL410266,O=c1oc2ccccc2c(O)c1C(c1ccccc1Br)c1c(O)c2ccccc2oc1=O,inactive,4.130000024196025,491.2930000000002,5.253300000000003,2.0,6.0
CHEMBL412094,O=c1oc2ccccc2c(O)c1C(c1cccc(Cl)c1)c1c(O)c2ccccc2oc1=O,inactive,4.130000024196025,446.8420000000002,5.144200000000003,2.0,6.0
CHEMBL258768,CCCCCC(c1c(O)c2ccccc2oc1=O)c1c(O)c2ccccc2oc1=O,inactive,4.059999994991732,406.43400000000014,5.0228000000000055,2.0,6.0
CHEMBL238294,COc1ccc(C(c2c(O)c3ccccc3oc2=O)c2c(O)c3ccccc3oc2=O)cc1,inactive,4.219999989963101,442.4230000000002,4.499400000000003,2.0,7.0
CHEMBL264936,COc1cccc(C(c2c(O)c3ccccc3oc2=O)c2c(O)c3ccccc3oc2=O)c1,inactive,4.25000001945443,442.4230000000002,4.499400000000003,2.0,7.0
CHEMBL265181,COc1ccccc1C(c1c(O)c2ccccc2oc1=O)c1c(O)c2ccccc2oc1=O,inactive,4.079999984911641,442.42300000000023,4.499400000000004,2.0,7.0
CHEMBL409884,O=c1oc2ccccc2c(O)c1C(c1c(O)c2ccccc2oc1=O)c1cccc2ccccc12,inactive,4.070000019492821,462.45700000000016,5.6440000000000055,2.0,6.0
CHEMBL407834,CCCC(c1c(O)c2ccccc2oc1=O)c1c(O)c2ccccc2oc1=O,inactive,4.169999984192581,378.3800000000001,4.242600000000003,2.0,6.0
CHEMBL259975,O=c1oc2ccccc2c(O)c1C(c1ccccc1Cl)c1c(O)c2ccccc2oc1=O,inactive,4.070000019492821,446.8420000000002,5.144200000000003,2.0,6.0
CHEMBL262114,O=c1c(C(c2ccc(O)cc2)c2c(O)oc3ccccc3c2=O)c(O)oc2ccccc12,inactive,4.130000024196025,428.3960000000002,4.196400000000002,3.0,7.0
CHEMBL260178,CC(c1ccccc1)C(c1c(O)c2ccccc2oc1=O)c1c(O)c2ccccc2oc1=O,inactive,4.279999967105453,440.4510000000002,5.246200000000005,2.0,6.0
CHEMBL130567,COc1cc(C(c2c(O)oc3ccccc3c2=O)c2c(O)oc3ccccc3c2=O)cc(OC)c1OC,inactive,4.079999984911641,502.4750000000003,4.516600000000004,2.0,9.0
CHEMBL411046,COc1ccc(C(c2c(O)c3ccccc3oc2=O)c2c(O)c3ccccc3oc2=O)cc1OC,inactive,4.100000018985305,472.44900000000024,4.508000000000004,2.0,8.0
CHEMBL312008,CN(C)c1ccc(C(c2c(O)oc3ccccc3c2=O)c2c(O)oc3ccccc3c2=O)cc1,inactive,4.090000008636461,455.4660000000002,4.5568000000000035,2.0,7.0
CHEMBL402459,CC(c1c(O)c2ccccc2oc1=O)c1c(O)c2ccccc2oc1=O,inactive,4.200000030616179,350.326,3.4624000000000024,2.0,6.0
CHEMBL734,CC(=O)NO,inactive,4.761953896871205,75.067,-0.4882999999999999,2.0,2.0
CHEMBL490506,O=C1c2cc(O)cc3oc(-c4ccc(O)cc4)c(c23)-c2cc(O)cc(O)c2C1c1ccc(O)cc1,inactive,3.896880746454286,466.44500000000016,5.623000000000006,5.0,7.0
CHEMBL1277360,Cc1ccc(-n2c(-c3cccc([N+](=O)[O-])c3)n[nH]c2=S)c(C)c1,inactive,4.341035157335565,326.3810000000001,4.1219300000000025,1.0,5.0
CHEMBL1275864,Cc1cccc(-n2c(-c3ccccc3)n[nH]c2=S)c1C,inactive,4.0655015487564325,281.38400000000007,4.213730000000003,1.0,3.0
CHEMBL1277450,Cc1ccc(-n2c(-c3cccc(Cl)c3)n[nH]c2=S)c(C)c1,inactive,3.337657779233692,315.82900000000006,4.867130000000002,1.0,3.0
CHEMBL1277452,Cc1cccc(C)c1-n1c(-c2cccc(Cl)c2)n[nH]c1=S,inactive,3.447295290086525,315.829,4.867130000000003,1.0,3.0
CHEMBL1277546,Cc1ccc(-n2c(-c3ccc(Cl)cc3)n[nH]c2=S)c(C)c1,inactive,3.767613853868091,315.82900000000006,4.867130000000003,1.0,3.0
CHEMBL1277548,Cc1cccc(C)c1Nc1nnc(-c2ccccc2Cl)s1,inactive,3.504178246614094,315.82900000000006,5.218940000000002,1.0,4.0
CHEMBL1277638,Cc1cccc(Nc2nnc(-c3ccc(Cl)cc3)s2)c1C,inactive,3.3155586123743936,315.82900000000006,5.218940000000003,1.0,4.0
CHEMBL1277639,Cc1ccc(Nc2nnc(-c3cccc([N+](=O)[O-])c3)s2)c(C)c1,inactive,3.3998987443086093,326.3810000000001,4.473740000000003,1.0,6.0
CHEMBL1275865,Cc1cccc(Nc2nnc(-c3ccccc3)s2)c1C,inactive,3.370488465799547,281.38400000000007,4.565540000000002,1.0,4.0
CHEMBL1277640,Cc1cccc(C)c1Nc1nnc(-c2ccc(Cl)cc2)s1,inactive,3.668167955563751,315.82900000000006,5.218940000000002,1.0,4.0
CHEMBL239452,NC(=S)N/N=C/c1ccccc1Cl,active,6.667561540084395,213.693,1.5071,2.0,2.0
CHEMBL1269725,NC(=S)N/N=C/c1cccc(Cl)c1,active,6.173925197299173,213.693,1.5071,2.0,2.0
CHEMBL391982,NC(=S)N/N=C/c1ccc(Cl)cc1,active,6.3872161432802645,213.693,1.5071,2.0,2.0
CHEMBL91844,N/C(S)=N/N=C/c1cccc(Br)c1,active,6.115204636051019,258.144,2.0275,2.0,2.0
CHEMBL1910220,NC(=S)N/N=C/c1ccc(Br)cc1,active,6.150580586203101,258.144,1.6162,2.0,2.0
CHEMBL193474,N/C(S)=N/N=C/c1cccc([N+](=O)[O-])c1,active,6.991399828238082,224.245,1.1731999999999998,2.0,4.0
CHEMBL193804,N/C(S)=N/N=C/c1ccc([N+](=O)[O-])cc1,active,6.262012673666569,224.245,1.1732,2.0,4.0
CHEMBL241894,COc1cccc(/C=N/NC(N)=S)c1,active,6.752026733638194,209.274,0.8623000000000001,2.0,3.0
CHEMBL398206,COc1ccc(/C=N/NC(N)=S)cc1,active,6.052076380168273,209.274,0.8623000000000003,2.0,3.0
CHEMBL499789,COc1cc(/C=N/NC(N)=S)cc(OC)c1OC,active,6.004803708402821,269.32599999999996,0.8795,2.0,5.0
CHEMBL241902,CN(C)c1ccc(/C=N/NC(N)=S)cc1,active,6.896196279044043,222.31699999999998,0.9196999999999997,2.0,3.0
CHEMBL1276230,NC(=S)N/N=C/C=C/c1ccccc1,active,6.34008379993015,205.286,1.5188000000000004,2.0,2.0
CHEMBL1910221,NC(=S)N/N=C/c1ccccc1OCc1ccccc1,active,6.580044251510242,285.372,2.4327000000000005,2.0,3.0
CHEMBL1910222,COc1ccc(/C=N/NC(N)=S)cc1OCc1ccccc1,active,6.481486060122113,315.39799999999997,2.441300000000001,2.0,4.0
CHEMBL242113,NC(=S)N/N=C/c1ccc(O)cc1,active,6.166215625343521,195.247,0.5593000000000001,3.0,3.0
CHEMBL1910223,NC(=S)N/N=C/c1cccc(O)c1O,active,6.657577319177793,211.246,0.26489999999999997,4.0,4.0
CHEMBL1910224,COc1cc(/C=N/NC(N)=S)cc(OC)c1O,active,6.632644078973981,255.29899999999998,0.5765,3.0,5.0
CHEMBL1910225,C/C=C/C=N/NC(N)=S,active,6.127261172527331,143.215,0.3815,2.0,2.0
CHEMBL260876,NC(N)=S,inactive,4.6777807052660805,76.124,-0.8113000000000001,2.0,1.0
CHEMBL1968195,Cc1cc(C)n(CN(Cn2nc(C)cc2C)C2CCCCC2)n1,inactive,4.361910278015494,315.46500000000015,3.5631800000000027,0.0,5.0
CHEMBL2235389,Cc1cc(C)n(CN(CCO)Cn2nc(C)cc2C)n1,inactive,4.350081281264581,277.372,1.2227799999999995,1.0,6.0
CHEMBL1828958,Cc1cc(C)n(CO)n1,inactive,4.025488307262672,126.159,0.44974,1.0,3.0
CHEMBL2285978,O=C1Nc2ccccc2/C1=N/NC(=S)Nc1c(F)cccc1F,inactive,4.480172006224281,332.33500000000004,2.6076000000000006,3.0,3.0
CHEMBL2285979,O=C1Nc2ccccc2/C1=N/NC(=S)Nc1ccc(F)cc1F,inactive,4.3223930472795065,332.33500000000004,2.6076000000000006,3.0,3.0
CHEMBL2285980,O=C1Nc2ccccc2/C1=N/NC(=S)Nc1ccccc1F,inactive,4.686132779630847,314.345,2.4685000000000006,3.0,3.0
CHEMBL2285981,O=C1Nc2ccccc2/C1=N/NC(=S)Nc1ccc(OC(F)(F)F)cc1,inactive,4.686132779630847,380.35100000000006,3.2280000000000006,3.0,4.0
CHEMBL2285982,O=C1Nc2ccccc2/C1=N/NC(=S)Nc1cccc(C(F)(F)F)c1,inactive,4.686132779630847,364.35200000000003,3.348200000000001,3.0,3.0
CHEMBL2285984,O=C1Nc2ccccc2/C1=N/NC(=S)Nc1ccccc1C(F)(F)F,inactive,4.480172006224281,364.35200000000003,3.348200000000001,3.0,3.0
CHEMBL2285985,O=C1Nc2ccccc2/C1=N/NC(=S)Nc1cccc(F)c1,inactive,4.295849483160201,314.345,2.4685000000000006,3.0,3.0
CHEMBL1915702,O=C1Nc2ccccc2/C1=N/NC(=S)Nc1ccc(C(F)(F)F)cc1,inactive,4.295849483160201,364.35200000000003,3.348200000000001,3.0,3.0
CHEMBL2285987,O=C1Nc2ccc(F)cc2/C1=N/NC(=S)Nc1cc(F)cc(F)c1,inactive,3.821886747685368,350.32500000000005,2.7467000000000006,3.0,3.0
CHEMBL2285989,O=C1Nc2ccc(F)cc2/C1=N/NC(=S)Nc1c(F)cccc1F,inactive,4.325138859262188,350.32500000000005,2.7467000000000006,3.0,3.0
CHEMBL2285991,O=C1Nc2ccc(F)cc2/C1=N/NC(=S)Nc1cccc(F)c1,inactive,4.343901797987168,332.33500000000004,2.6076000000000006,3.0,3.0
CHEMBL2285990,O=C1Nc2ccc(F)cc2/C1=N/NC(=S)Nc1ccccc1F,inactive,4.423658649794207,332.33500000000004,2.6076000000000006,3.0,3.0
CHEMBL2285993,O=C1Nc2ccc(F)cc2/C1=N/NC(=S)Nc1ccc(C(F)(F)F)cc1,inactive,4.043831569524636,382.34200000000004,3.487300000000001,3.0,3.0
CHEMBL2285994,O=C1Nc2ccc(F)cc2/C1=N/NC(=S)Nc1cccc(C(F)(F)F)c1,inactive,4.222863287495827,382.34200000000004,3.487300000000001,3.0,3.0
CHEMBL2285995,O=C1Nc2ccc(F)cc2/C1=N/NC(=S)Nc1ccccc1C(F)(F)F,inactive,4.29645070176177,382.34200000000004,3.487300000000001,3.0,3.0
CHEMBL375922,O=C1Nc2ccc(F)cc2/C1=N/NC(=S)Nc1ccccc1,inactive,3.4647945205294124,314.345,2.4685000000000006,3.0,3.0
CHEMBL2417806,CCn1cc(C(=O)O)c(=O)c2cc(F)c(N3CCN(C(=O)CSc4nnc(CN5CCN(c6ccccc6OC)CC5)n4-c4ccccc4)CC3)cc21,active,7.688034339631634,740.8619999999999,4.211100000000003,1.0,12.0
CHEMBL2436676,O=C(Nc1ccccc1)Nc1ccc(S(=O)(=O)Cl)cc1,active,6.9183287127090765,310.76199999999994,3.2581000000000016,2.0,3.0
CHEMBL3087542,O=C(NC(=S)NCc1ccccc1Cl)c1ccccc1,inactive,4.452471423540218,304.802,3.1445000000000016,2.0,2.0
CHEMBL3087541,O=C(NC(=S)Nc1ncccn1)c1ccccc1,inactive,5.085656842880559,258.30600000000004,1.6034,2.0,4.0
CHEMBL1555726,O=C(NC(=S)NC1CCCCC1)c1ccccc1,inactive,4.274088367704952,262.37799999999993,2.6236000000000006,2.0,2.0
CHEMBL1478462,O=C(NC(=S)NCc1ccccc1)c1ccccc1,inactive,4.56304266933055,270.357,2.4911000000000003,2.0,2.0
CHEMBL3087540,O=C(NC(=S)Nc1cccc(F)c1)c1ccccc1,inactive,5.453457336521869,274.32,2.9525000000000015,2.0,2.0
CHEMBL3087539,Cc1cc(C)c(NC(=S)NC(=O)c2ccccc2)c(C)c1,inactive,5.090979145788844,298.41100000000006,3.738660000000002,2.0,2.0
CHEMBL3087538,O=C(NC(=S)Nc1ccc(F)cc1)c1ccccc1,inactive,4.3851027839668655,274.32,2.9525000000000015,2.0,2.0
CHEMBL3087557,CCCCc1ccc(NC(=S)NC(=O)c2ccccc2)cc1,inactive,4.3260580013659125,312.438,4.156000000000002,2.0,2.0
CHEMBL3087556,O=C(NC(=S)Nc1ccc(C(F)(F)F)cc1)c1ccccc1,inactive,4.913640169325252,324.327,3.832200000000001,2.0,2.0
CHEMBL3087555,O=C(NC(=S)Nc1ccccc1C(F)(F)F)c1ccccc1,inactive,4.417936637088292,324.327,3.832200000000001,2.0,2.0
CHEMBL3087554,COc1cccc(NC(=S)NC(=O)c2ccccc2)c1,inactive,4.892790030352131,286.356,2.822000000000001,2.0,3.0
CHEMBL3087553,Cc1ccc(NC(=S)NC(=O)c2ccccc2)cc1,inactive,5.205511953340831,270.357,3.1218200000000014,2.0,2.0
CHEMBL3087552,Cc1cccc(NC(=S)NC(=O)c2ccccc2)c1C,inactive,5.498940737782249,284.38400000000007,3.4302400000000013,2.0,2.0
CHEMBL3087551,O=C(NC(=S)Nc1cccc(C(F)(F)F)c1)c1ccccc1,inactive,4.402304814074488,324.327,3.832200000000001,2.0,2.0
CHEMBL3087550,O=C(NC(=S)Nc1c(Cl)c(Cl)cc(Cl)c1Cl)c1ccccc1,inactive,4.1254602029289895,394.11000000000007,5.427000000000001,2.0,2.0
CHEMBL1974674,O=C(NC(=S)Nc1c(Cl)cc(Cl)cc1Cl)c1ccccc1,inactive,5.777283528852417,359.6650000000001,4.773600000000002,2.0,2.0
CHEMBL3087549,O=C(NC(=S)Nc1cc(Cl)cc(Cl)c1)c1ccccc1,inactive,4.735182176990463,325.22,4.120200000000002,2.0,2.0
CHEMBL3087548,O=C(NC(=S)Nc1ccc(Cl)c(Cl)c1)c1ccccc1,inactive,5.258848401148215,325.22,4.120200000000002,2.0,2.0
CHEMBL3087547,O=C(NC(=S)Nc1c(Cl)cccc1Cl)c1ccccc1,inactive,5.369572124974976,325.2200000000001,4.120200000000002,2.0,2.0
CHEMBL2236349,O=C(NC(=S)Nc1cc(Cl)ccc1Cl)c1ccccc1,inactive,5.342944147142896,325.22,4.120200000000002,2.0,2.0
CHEMBL3087546,O=C(NC(=S)Nc1ccc(Cl)cc1Cl)c1ccccc1,inactive,4.87942606879415,325.22,4.120200000000002,2.0,2.0
CHEMBL3087545,O=C(NC(=S)Nc1cccc(Cl)c1Cl)c1ccccc1,inactive,4.492144128304169,325.22,4.120200000000002,2.0,2.0
CHEMBL1450561,O=C(NC(=S)Nc1ccc(Cl)cc1)c1ccccc1,inactive,4.452471423540218,290.77500000000003,3.466800000000001,2.0,2.0
CHEMBL3087544,O=C(NC(=S)Nc1cccc(Cl)c1)c1ccccc1,inactive,4.563519304990505,290.77500000000003,3.466800000000001,2.0,2.0
CHEMBL3087543,O=C(NC(=S)Nc1ccccc1Cl)c1ccccc1,inactive,4.3851027839668655,290.77500000000003,3.466800000000001,2.0,2.0
CHEMBL1834362,O=C(NC(=S)Nc1ccccc1)c1ccccc1,inactive,4.85078088734462,256.33000000000004,2.8134000000000015,2.0,2.0
CHEMBL1872118,S=C(NCc1ccncc1)Nc1ccccc1,inactive,4.486782399932061,243.33500000000004,2.568200000000001,2.0,2.0
CHEMBL2391569,S=C(NCc1cccnc1)Nc1ccccc1,inactive,4.474955192963154,243.335,2.568200000000001,2.0,2.0
CHEMBL3120556,Cc1nc(NC(=S)Nc2ccccc2)ccc1Br,inactive,4.082494490447453,322.231,3.9614200000000013,2.0,2.0
CHEMBL1558086,S=C(NCc1ccco1)Nc1ccccc1,inactive,4.489991487059765,232.30800000000002,2.7662000000000004,2.0,2.0
CHEMBL3120555,S=C(Nc1ccccc1)Nc1ncc(Cl)cc1Cl,inactive,4.431446287950557,298.198,4.197300000000001,2.0,2.0
CHEMBL3120554,Cc1cccnc1NC(=S)Nc1ccccc1,inactive,4.596879478824183,243.33500000000004,3.198920000000001,2.0,2.0
CHEMBL3120553,S=C(Nc1ccccc1)Nc1ccncc1,inactive,4.35723879673468,229.30800000000002,2.8905000000000003,2.0,2.0
CHEMBL3120552,S=C(Nc1ccccc1)Nc1cccnc1,inactive,5.074172425375258,229.30800000000002,2.8905000000000003,2.0,2.0
CHEMBL1971338,S=C(Nc1ccccc1)Nc1ccccn1,inactive,4.631527161559638,229.30800000000002,2.8905000000000003,2.0,2.0
CHEMBL1334348,COc1ccc(OC)c(NC(S)=Nc2ccccc2)c1,inactive,4.523893283159809,288.372,3.733200000000002,2.0,3.0
CHEMBL3120551,Fc1ccc(NC(=S)Nc2ccccc2)c(F)c1,inactive,4.614393726401688,264.3,3.7737000000000016,2.0,1.0
CHEMBL1576403,S=C(Nc1ccccc1)Nc1cccc(Br)c1,inactive,4.73754891026957,307.216,4.258000000000001,2.0,1.0
CHEMBL1304942,S=C(Nc1ccccc1)Nc1ccc(Br)cc1,inactive,4.465212641370508,307.216,4.258000000000002,2.0,1.0
CHEMBL1436412,S=C(Nc1cccnc1)Nc1cccc(Cl)c1,inactive,4.611543547299734,263.753,3.5439000000000016,2.0,2.0
CHEMBL1500153,S=C(NCc1cccnc1)Nc1cccc(Cl)c1,inactive,4.637706062035769,277.78,3.2216000000000014,2.0,2.0
CHEMBL1400695,S=C(NCc1ccncc1)Nc1cccc(Cl)c1,inactive,4.6439741428068775,277.78000000000003,3.2216000000000014,2.0,2.0
CHEMBL3120549,Cc1cccnc1NC(=S)Nc1cccc(Cl)c1,inactive,4.798602875679548,277.78000000000003,3.8523200000000024,2.0,2.0
CHEMBL3120548,Cc1ccc(NC(=S)Nc2cccc(Cl)c2)cc1,inactive,4.730487055782084,276.79200000000003,4.457320000000003,2.0,1.0
CHEMBL3120574,Cc1cccc(NC(=S)Nc2cccc(Cl)c2)c1,inactive,4.823041019413092,276.79200000000003,4.457320000000002,2.0,1.0
CHEMBL3120573,Cc1ccccc1NC(=S)Nc1cccc(Cl)c1,inactive,4.46344155742847,276.79200000000003,4.457320000000002,2.0,1.0
CHEMBL3120572,Fc1ccc(NC(=S)Nc2cccc(Cl)c2)cc1F,inactive,4.787812395596042,298.74500000000006,4.427100000000001,2.0,1.0
CHEMBL1544729,Fc1ccc(NC(S)=Nc2cccc(Cl)c2)cc1,inactive,4.718966632752273,280.75500000000005,4.5085000000000015,2.0,1.0
CHEMBL3120571,Cc1ccc(Cl)cc1NC(=S)Nc1cccc(Cl)c1,inactive,4.696803942579511,311.2370000000001,5.110720000000002,2.0,1.0
CHEMBL3120570,S=C(Nc1cccc(Cl)c1)Nc1ccc(Cl)c(Cl)c1,inactive,4.957424487559809,331.6550000000001,5.455700000000001,2.0,1.0
CHEMBL3120569,S=C(Nc1cccc(Cl)c1)Nc1ccc(Cl)cc1Cl,inactive,4.374687549038326,331.6550000000001,5.455700000000001,2.0,1.0
CHEMBL3120568,S=C(Nc1cccc(Cl)c1)Nc1cccc(Cl)c1Cl,inactive,4.567030709125595,331.6550000000001,5.455700000000001,2.0,1.0
CHEMBL3120567,S=C(Nc1cccc(Cl)c1)Nc1c(Cl)cccc1Cl,inactive,4.387640052032226,331.655,5.455700000000002,2.0,1.0
CHEMBL3120566,Cc1ccc(C)c(NC(=S)Nc2cccc(Cl)c2)c1,inactive,4.679853713888946,290.8190000000001,4.765740000000003,2.0,1.0
CHEMBL3120565,Cc1cccc(C)c1NC(=S)Nc1cccc(Cl)c1,inactive,4.562249437179612,290.8190000000001,4.765740000000003,2.0,1.0
CHEMBL3120564,Cc1ccc(NC(=S)Nc2cccc(Cl)c2)c(C)c1,inactive,4.617982957425132,290.8190000000001,4.765740000000003,2.0,1.0
CHEMBL3120563,COc1ccc(NC(=S)Nc2cccc(Cl)c2)cc1,inactive,4.529295570277212,292.791,4.157500000000002,2.0,2.0
CHEMBL3120562,COc1cccc(NC(=S)Nc2cccc(Cl)c2)c1,inactive,4.611543547299734,292.79100000000005,4.157500000000002,2.0,2.0
CHEMBL3120561,COc1ccccc1NC(=S)Nc1cccc(Cl)c1,inactive,4.697669071315601,292.79100000000005,4.157500000000002,2.0,2.0
CHEMBL3120560,S=C(Nc1ccc(Cl)cc1)Nc1cccc(Cl)c1,inactive,4.691862621361961,297.21000000000004,4.802300000000002,2.0,1.0
CHEMBL3120559,S=C(Nc1cccc(Cl)c1)Nc1ccccc1Cl,inactive,4.653647025549361,297.21000000000004,4.802300000000002,2.0,1.0
CHEMBL3120558,S=C(Nc1cccc(Cl)c1)Nc1cccc(Cl)c1,inactive,4.698970004336019,297.21000000000004,4.802300000000002,2.0,1.0
CHEMBL3344256,CC(C)[C@H](NC(=O)CNC(=O)OC(C)(C)C)C(=O)NCC(=O)N[C@H](C(=O)N1CCC[C@H]1C(=O)N1CCN(c2nsc3ccccc23)CC1)C(C)C,inactive,3.530177984021837,728.917,1.8584000000000047,4.0,10.0
CHEMBL3344257,CC(C)[C@H](NC(=O)CNC(=O)[C@H](Cc1ccccc1)NC(=O)CNC(=O)OC(C)(C)C)C(=O)N1CCC[C@H]1C(=O)N1CCN(c2nsc3ccccc23)CC1,inactive,3.5934598195660445,776.9609999999998,2.4451000000000036,4.0,10.0
CHEMBL3344258,CC(C)[C@H](NC(=O)CNC(=O)Nc1ccccc1F)C(=O)NCC(=O)N[C@H](C(=O)N1CCC[C@H]1C(=O)N1CCN(c2nsc3ccccc23)CC1)C(C)C,inactive,4.376750709602099,765.9129999999998,2.294500000000003,5.0,9.0
CHEMBL3344246,CC(C)[C@H](NC(=O)CNC(=S)Nc1ccccc1F)C(=O)NCC(=O)N[C@H](C(=O)N1CCC[C@H]1C(=O)N1CCN(c2nsc3ccccc23)CC1)C(C)C,inactive,4.3979400086720375,781.9809999999998,2.4594000000000023,5.0,9.0
CHEMBL3344247,CC(C)[C@H](NC(=O)CNC(=O)Nc1cccc(F)c1)C(=O)NCC(=O)N[C@H](C(=O)N1CCC[C@H]1C(=O)N1CCN(c2nsc3ccccc23)CC1)C(C)C,inactive,4.356547323513812,765.9129999999998,2.294500000000003,5.0,9.0
CHEMBL3344248,CC(C)[C@H](NC(=O)CNC(=O)Nc1ccc(F)cc1)C(=O)NCC(=O)N[C@H](C(=O)N1CCC[C@H]1C(=O)N1CCN(c2nsc3ccccc23)CC1)C(C)C,inactive,4.4089353929735005,765.9129999999998,2.294500000000003,5.0,9.0
CHEMBL3344249,CC(C)[C@H](NC(=O)CNC(=S)Nc1ccc(F)cc1)C(=O)NCC(=O)N[C@H](C(=O)N1CCC[C@H]1C(=O)N1CCN(c2nsc3ccccc23)CC1)C(C)C,inactive,4.455931955649724,781.9809999999998,2.459400000000003,5.0,9.0
CHEMBL3344250,COc1ccccc1NC(=O)NCC(=O)N[C@H](C(=O)NCC(=O)N[C@H](C(=O)N1CCC[C@H]1C(=O)N1CCN(c2nsc3ccccc23)CC1)C(C)C)C(C)C,inactive,4.657577319177793,777.9489999999998,2.164000000000004,5.0,10.0
CHEMBL3344251,COc1ccccc1NC(=S)NCC(=O)N[C@H](C(=O)NCC(=O)N[C@H](C(=O)N1CCC[C@H]1C(=O)N1CCN(c2nsc3ccccc23)CC1)C(C)C)C(C)C,inactive,4.698970004336019,794.0169999999998,2.3289000000000035,5.0,10.0
CHEMBL3344252,COc1cccc(NC(=O)NCC(=O)N[C@H](C(=O)NCC(=O)N[C@H](C(=O)N2CCC[C@H]2C(=O)N2CCN(c3nsc4ccccc34)CC2)C(C)C)C(C)C)c1,inactive,4.6020599913279625,777.949,2.1640000000000033,5.0,10.0
CHEMBL3344253,COc1cccc(NC(=S)NCC(=O)N[C@H](C(=O)NCC(=O)N[C@H](C(=O)N2CCC[C@H]2C(=O)N2CCN(c3nsc4ccccc34)CC2)C(C)C)C(C)C)c1,inactive,4.638272163982407,794.0169999999999,2.3289000000000044,5.0,10.0
CHEMBL3344254,COc1ccc(NC(=O)NCC(=O)N[C@H](C(=O)NCC(=O)N[C@H](C(=O)N2CCC[C@H]2C(=O)N2CCN(c3nsc4ccccc34)CC2)C(C)C)C(C)C)cc1,inactive,4.6777807052660805,777.9490000000001,2.164000000000004,5.0,10.0
CHEMBL3344255,COc1ccc(NC(=S)NCC(=O)N[C@H](C(=O)NCC(=O)N[C@H](C(=O)N2CCC[C@H]2C(=O)N2CCN(c3nsc4ccccc34)CC2)C(C)C)C(C)C)cc1,inactive,4.7447274948966935,794.0169999999999,2.3289000000000026,5.0,10.0
CHEMBL3344245,CC(C)[C@H](NC(=O)CNC(=O)[C@H](Cc1ccccc1)NC(=O)CNC(=O)Nc1ccccc1F)C(=O)N1CCC[C@H]1C(=O)N1CCN(c2nsc3ccccc23)CC1,inactive,4.3872161432802645,813.9569999999994,2.8812000000000033,5.0,9.0
CHEMBL3344259,CC(C)[C@H](NC(=O)CNC(=O)[C@H](Cc1ccccc1)NC(=O)CNC(=S)Nc1ccccc1F)C(=O)N1CCC[C@H]1C(=O)N1CCN(c2nsc3ccccc23)CC1,inactive,4.42021640338319,830.0249999999994,3.0461000000000036,5.0,9.0
CHEMBL3344260,CC(C)[C@H](NC(=O)CNC(=O)[C@H](Cc1ccccc1)NC(=O)CNC(=O)Nc1cccc(F)c1)C(=O)N1CCC[C@H]1C(=O)N1CCN(c2nsc3ccccc23)CC1,inactive,4.366531544420414,813.9569999999994,2.8812000000000033,5.0,9.0
CHEMBL3344288,CC(C)[C@H](NC(=O)CNC(=O)[C@H](Cc1ccccc1)NC(=O)CNC(=O)Nc1ccc(F)cc1)C(=O)N1CCC[C@H]1C(=O)N1CCN(c2nsc3ccccc23)CC1,inactive,4.455931955649724,813.9569999999994,2.8812000000000033,5.0,9.0
CHEMBL3344289,CC(C)[C@H](NC(=O)CNC(=O)[C@H](Cc1ccccc1)NC(=O)CNC(=S)Nc1ccc(F)cc1)C(=O)N1CCC[C@H]1C(=O)N1CCN(c2nsc3ccccc23)CC1,inactive,4.481486060122112,830.0249999999994,3.0461000000000036,5.0,9.0
CHEMBL3344290,COc1ccccc1NC(=O)NCC(=O)N[C@@H](Cc1ccccc1)C(=O)NCC(=O)N[C@H](C(=O)N1CCC[C@H]1C(=O)N1CCN(c2nsc3ccccc23)CC1)C(C)C,inactive,4.6777807052660805,825.9929999999997,2.750700000000003,5.0,10.0
CHEMBL3344291,COc1ccccc1NC(=S)NCC(=O)N[C@@H](Cc1ccccc1)C(=O)NCC(=O)N[C@H](C(=O)N1CCC[C@H]1C(=O)N1CCN(c2nsc3ccccc23)CC1)C(C)C,inactive,4.7447274948966935,842.0609999999996,2.915600000000003,5.0,10.0
CHEMBL3344292,COc1cccc(NC(=O)NCC(=O)N[C@@H](Cc2ccccc2)C(=O)NCC(=O)N[C@H](C(=O)N2CCC[C@H]2C(=O)N2CCN(c3nsc4ccccc34)CC2)C(C)C)c1,inactive,4.638272163982407,825.9929999999997,2.750700000000003,5.0,10.0
CHEMBL3344293,COc1cccc(NC(=S)NCC(=O)N[C@@H](Cc2ccccc2)C(=O)NCC(=O)N[C@H](C(=O)N2CCC[C@H]2C(=O)N2CCN(c3nsc4ccccc34)CC2)C(C)C)c1,inactive,4.721246399047171,842.0609999999996,2.915600000000003,5.0,10.0
CHEMBL3344294,COc1ccc(NC(=O)NCC(=O)N[C@@H](Cc2ccccc2)C(=O)NCC(=O)N[C@H](C(=O)N2CCC[C@H]2C(=O)N2CCN(c3nsc4ccccc34)CC2)C(C)C)cc1,inactive,4.769551078621726,825.9929999999997,2.750700000000003,5.0,10.0
CHEMBL3344295,COc1ccc(NC(=S)NCC(=O)N[C@@H](Cc2ccccc2)C(=O)NCC(=O)N[C@H](C(=O)N2CCC[C@H]2C(=O)N2CCN(c3nsc4ccccc34)CC2)C(C)C)cc1,inactive,4.823908740944319,842.0609999999997,2.915600000000002,5.0,10.0
CHEMBL3600575,O=C1Nc2ccc(Cl)cc2/C1=C\c1ccc(C(=O)N/N=C/c2c(O)cc(O)cc2O)cc1,inactive,4.886056647693163,449.85000000000014,3.713400000000001,5.0,6.0
CHEMBL3600652,Cc1ccc(/C=N/NC(=O)c2ccc(/C=C3/C(=O)Nc4ccc(Cl)cc43)cc2)cc1,inactive,4.308918507877031,415.88000000000017,4.905020000000004,2.0,3.0
CHEMBL3600650,O=C1Nc2ccc(Cl)cc2/C1=C\c1ccc(C(=O)N/N=C/c2cccc([N+](=O)[O-])c2)cc1,inactive,3.828273546346769,446.85000000000014,4.504800000000003,2.0,5.0
CHEMBL3600649,O=C1Nc2ccc(Cl)cc2/C1=C\c1ccc(C(=O)N/N=C/c2ccc([N+](=O)[O-])cc2)cc1,inactive,4.0343280287798935,446.85000000000014,4.504800000000003,2.0,5.0
CHEMBL3600648,COc1ccc(O)c(/C=N/NC(=O)c2ccc(/C=C3/C(=O)Nc4ccc(Cl)cc43)cc2)c1,inactive,4.086186147616283,447.8780000000001,4.310800000000002,3.0,5.0
CHEMBL3600647,COc1ccc(/C=N/NC(=O)c2ccc(/C=C3/C(=O)Nc4ccc(Cl)cc43)cc2)c(O)c1,inactive,3.838332587562264,447.8780000000001,4.310800000000003,3.0,5.0
CHEMBL3600646,C/C(=N\NC(=O)c1ccc(/C=C2/C(=O)Nc3ccc(Cl)cc32)cc1)c1ccccc1O,inactive,4.1438755557577,431.87900000000013,4.692300000000003,3.0,4.0
CHEMBL3600645,O=C1Nc2ccc(Cl)cc2/C1=C\c1ccc(C(=O)N/N=C/c2ccc(Cl)cc2)cc1,inactive,3.956637721978871,436.2980000000001,5.2500000000000036,2.0,3.0
CHEMBL3600644,COc1ccc(/C=N/NC(=O)c2ccc(/C=C3/C(=O)Nc4ccc(Cl)cc43)cc2)cc1,inactive,3.842845560093719,431.8790000000001,4.6052000000000035,2.0,4.0
CHEMBL3600643,O=C1Nc2ccc(Cl)cc2/C1=C\c1ccc(C(=O)N/N=C/c2ccccc2O)cc1,inactive,3.9215431819467073,417.8520000000001,4.302200000000003,3.0,4.0
CHEMBL3600642,O=C1Nc2ccc(Cl)cc2/C1=C\c1ccc(C(=O)N/N=C/c2ccc(O)cc2)cc1,inactive,4.071604147743286,417.8520000000001,4.302200000000003,3.0,4.0
CHEMBL3600583,O=C1Nc2ccc(Cl)cc2/C1=C\c1ccc(C(=O)N/N=C/c2cccc(O)c2)cc1,inactive,3.99012436628784,417.8520000000001,4.302200000000003,3.0,4.0
CHEMBL3600582,O=C1Nc2ccc(Cl)cc2/C1=C\c1ccc(C(=O)N/N=C/c2cccc(O)c2O)cc1,inactive,3.960982678002588,433.8510000000001,4.007800000000002,4.0,5.0
CHEMBL3600581,O=C1Nc2ccc(Cl)cc2/C1=C\c1ccc(C(=O)N/N=C/c2cc(O)cc(O)c2)cc1,inactive,4.71669877129645,433.8510000000001,4.007800000000002,4.0,5.0
CHEMBL3600580,O=C1Nc2ccc(Cl)cc2/C1=C\c1ccc(C(=O)N/N=C/c2ccc(O)c(O)c2)cc1,inactive,4.149966742310231,433.8510000000001,4.007800000000002,4.0,5.0
CHEMBL3600579,O=C1Nc2ccc(Cl)cc2/C1=C\c1ccc(C(=O)N/N=C/c2cc(O)c(O)cc2O)cc1,inactive,3.901356274182943,449.85000000000014,3.713400000000002,5.0,6.0
CHEMBL3600578,O=C1Nc2ccc(Cl)cc2/C1=C\c1ccc(C(=O)N/N=C/c2cc(O)ccc2O)cc1,inactive,4.274088367704952,433.8510000000001,4.007800000000001,4.0,5.0
CHEMBL3600577,O=C1Nc2ccc(Cl)cc2/C1=C\c1ccc(C(=O)N/N=C/c2ccc(O)cc2O)cc1,inactive,4.367542707815276,433.8510000000001,4.007800000000001,4.0,5.0
CHEMBL3600576,C/C(=N\NC(=O)c1ccc(/C=C2/C(=O)Nc3ccc(Cl)cc32)cc1)c1c(O)cc(O)cc1O,inactive,4.450996737974212,463.8770000000002,4.103500000000004,5.0,6.0
CHEMBL3601773,O=C1NC(=S)NC(=O)C1=CNc1ccccc1S,inactive,4.823908740944319,279.346,0.8019999999999996,4.0,5.0
CHEMBL3601772,O=C1NC(=S)NC(=O)C1=CNc1ccccc1O,inactive,4.705533773838407,263.278,0.2188999999999996,4.0,5.0
CHEMBL3601771,O=C1NC(=S)NC(=O)C1=CNc1ccc(I)cc1,inactive,4.383734594718292,373.17500000000007,1.1179,3.0,4.0
CHEMBL3601770,O=C1NC(=S)NC(=O)C1=CNc1cc(Cl)cc(Cl)c1,inactive,4.0498299401918,316.1690000000001,1.8200999999999998,3.0,4.0
CHEMBL3601769,O=C1NC(=S)NC(=O)C1=CNc1cc([N+](=O)[O-])ccc1C(F)(F)F,inactive,4.542118103266008,360.273,1.4403,3.0,6.0
CHEMBL3601768,O=C1NC(=S)NC(=O)C1=CNc1ccc(C(F)(F)F)cc1,inactive,3.86518562967954,315.276,1.5321,3.0,4.0
CHEMBL3601767,O=C1NC(=S)NC(=O)C1=CNc1cccc(C(F)(F)F)c1,inactive,4.60977163753087,315.276,1.5320999999999998,3.0,4.0
CHEMBL3601766,O=C1NC(=S)NC(=O)C1=CNc1ccccc1C(F)(F)F,inactive,4.185086818724926,315.276,1.5320999999999998,3.0,4.0
CHEMBL3601765,O=C1NC(=O)C(=CNc2ccccc2S)C(=O)N1,inactive,4.279014255846261,263.27799999999996,0.6371000000000001,4.0,5.0
CHEMBL3601764,O=C1NC(=S)NC(=O)C1=CNc1cc(C(=O)O)ccc1Cl,inactive,4.57413985492216,325.73300000000006,0.8648999999999999,4.0,5.0
CHEMBL3601763,O=C1NC(=S)NC(=O)C1=CNc1ccc([N+](=O)[O-])c(C(=O)O)c1,inactive,4.400553624274724,336.28500000000014,0.11970000000000008,4.0,7.0
CHEMBL3601762,O=C1NC(=S)NC(=O)C1=CNc1cc(C(=O)O)ccc1O,inactive,4.723538195826756,307.28700000000003,-0.08290000000000036,5.0,6.0
CHEMBL3601761,O=C1NC(=S)NC(=O)C1=CNc1cc([N+](=O)[O-])ccc1C(=O)O,inactive,5.069050968832477,336.2850000000001,0.11969999999999986,4.0,7.0
CHEMBL3601760,O=C1NC(=S)NC(=O)C1=CNc1ccc(C(=O)O)c(O)c1,inactive,4.490797477668897,307.28700000000003,-0.08290000000000014,5.0,6.0
CHEMBL3601759,O=C1NC(=S)NC(=O)C1=CNc1ccc(C(=O)O)cc1,inactive,5.049148541111453,291.288,0.21149999999999974,4.0,5.0
CHEMBL3601758,O=C1NC(=S)NC(=O)C1=CNc1cccc(C(=O)O)c1,inactive,4.66094626429086,291.28800000000007,0.21149999999999952,4.0,5.0
CHEMBL3601757,O=C1NC(=S)NC(=O)C1=CNc1ccccc1C(=O)O,inactive,4.8873949984654255,291.28800000000007,0.2114999999999993,4.0,5.0
CHEMBL3601756,O=C1NC(=O)C(=CNc2ccc([N+](=O)[O-])c(C(=O)O)c2)C(=O)N1,inactive,4.58838029403677,320.217,-0.04520000000000013,4.0,7.0
CHEMBL3601372,O=C1NC(=O)C(=CNc2ccc(C(=O)O)c(O)c2)C(=O)N1,inactive,4.054039296422431,291.219,-0.24779999999999996,5.0,6.0
CHEMBL3622694,FC(F)(F)c1ccc(-c2[nH]c3ccccc3c2-c2nc(-c3ccccc3)c(-c3ccccc3)n2-c2ccc(Cl)cc2)cc1,inactive,5.323306390375134,590.0480000000002,10.693799999999989,1.0,2.0
CHEMBL3622693,Fc1ccc(-n2c(-c3c(-c4ccc(C(F)(F)F)cc4)[nH]c4ccccc34)nc(-c3ccccc3)c2-c2ccccc2)cc1,active,6.795880017344075,573.5930000000002,10.179499999999994,1.0,2.0
CHEMBL3622691,Cc1ccc(-n2c(-c3c(-c4ccc(C(F)(F)F)cc4)[nH]c4ccccc34)nc(-c3ccccc3)c2-c2ccccc2)cc1,active,6.920818753952375,569.6300000000002,10.348819999999993,1.0,2.0
CHEMBL3622690,COc1ccc(-n2c(-c3c(-c4ccc(Br)cc4)[nH]c4ccccc34)nc(-c3ccccc3)c2-c2ccccc2)cc1,inactive,4.535808629359001,596.5280000000002,9.792699999999995,1.0,3.0
CHEMBL3622689,Fc1ccc(-n2c(-c3c(-c4ccc(Br)cc4)[nH]c4ccccc34)nc(-c3ccccc3)c2-c2ccccc2)cc1,inactive,4.916139199133427,584.4920000000003,9.923199999999992,1.0,2.0
CHEMBL3622688,Brc1ccc(-c2[nH]c3ccccc3c2-c2nc(-c3ccccc3)c(-c3ccccc3)n2-c2ccc(Br)cc2)cc1,inactive,4.945004138470859,645.3980000000003,10.54659999999999,1.0,2.0
CHEMBL3622687,Brc1ccc(-c2[nH]c3ccccc3c2-c2nc(-c3ccccc3)c(-c3ccccc3)n2-c2ccccc2)cc1,inactive,5.317854923626168,566.5020000000003,9.784099999999995,1.0,2.0
CHEMBL3622686,Clc1ccc(-c2[nH]c3ccccc3c2-c2nc(-c3ccccc3)c(-c3ccccc3)n2-c2ccccc2)cc1,active,6.431798275933005,522.0510000000002,9.674999999999995,1.0,2.0
CHEMBL3622685,Fc1ccc(-n2c(-c3c(-c4ccc(Cl)cc4)[nH]c4ccccc34)nc(-c3ccccc3)c2-c2ccccc2)cc1,active,6.356547323513812,540.0410000000003,9.814099999999994,1.0,2.0
CHEMBL3622682,COc1ccc(-n2c(-c3c(-c4ccccc4)[nH]c4ccc(Br)cc34)nc(-c3ccccc3)c2-c2ccccc2)cc1,inactive,5.335358024443875,596.5280000000002,9.792699999999995,1.0,3.0
CHEMBL3622681,Clc1ccc(-n2c(-c3c(-c4ccccc4)[nH]c4ccc(Br)cc34)nc(-c3ccccc3)c2-c2ccccc2)cc1,inactive,5.33161408331,600.9470000000002,10.437499999999991,1.0,2.0
CHEMBL3622680,Brc1ccc(-n2c(-c3c(-c4ccccc4)[nH]c4ccc(Br)cc34)nc(-c3ccccc3)c2-c2ccccc2)cc1,active,6.823908740944319,645.3980000000001,10.54659999999999,1.0,2.0
CHEMBL3629551,S=C(Nc1ccccc1)Nc1ccccc1SSc1ccccc1NC(=S)Nc1ccccc1,inactive,4.8198741248359465,518.7580000000002,8.103800000000003,4.0,4.0
CHEMBL3629550,S=C(Nc1ccccc1SSc1ccccc1NC(=S)NC12CC3CC(CC(C3)C1)C2)NC12CC3CC(CC(C3)C1)C2,inactive,4.7544873321858505,635.006,8.9964,4.0,4.0
CHEMBL3629549,S=C(Nc1ccc(Cl)cc1)Nc1ccccc1SSc1ccccc1NC(=S)Nc1ccc(Cl)cc1,inactive,5.795880017344075,587.6480000000001,9.410599999999999,4.0,4.0
CHEMBL3629548,Cc1ccccc1NC(=S)Nc1ccccc1SSc1ccccc1NC(=S)Nc1ccccc1C,inactive,5.958607314841775,546.8120000000001,8.72064,4.0,4.0
CHEMBL3629547,S=C(Nc1ccccc1Br)Nc1ccccc1SSc1ccccc1NC(=S)Nc1ccccc1Br,inactive,4.730487055782084,676.5500000000001,9.628799999999998,4.0,4.0
CHEMBL3629546,COc1ccccc1NC(=S)Nc1ccccc1SSc1ccccc1NC(=S)Nc1ccccc1OC,inactive,5.769551078621726,578.8100000000002,8.121000000000006,4.0,6.0
CHEMBL3629545,Fc1ccccc1NC(=S)Nc1ccccc1SSc1ccccc1NC(=S)Nc1ccccc1F,active,6.154901959985743,554.7380000000002,8.382000000000001,4.0,4.0
CHEMBL3629544,S=C(Nc1ccccc1Cl)Nc1ccccc1SSc1ccccc1NC(=S)Nc1ccccc1Cl,inactive,5.468521082957745,587.6480000000001,9.410599999999999,4.0,4.0
CHEMBL3629543,S=C(Nc1ccc(Cl)c(Cl)c1)Nc1ccccc1SSc1ccccc1NC(=S)Nc1ccc(Cl)c(Cl)c1,inactive,5.494850021680094,656.538,10.717399999999992,4.0,4.0
CHEMBL3629081,O=[N+]([O-])c1cccc(NC(=S)Nc2ccccc2SSc2ccccc2NC(=S)Nc2cccc([N+](=O)[O-])c2)c1,inactive,4.910094888560602,608.7520000000002,7.920200000000005,4.0,8.0
CHEMBL3629080,COc1cccc(NC(=S)Nc2ccccc2SSc2ccccc2NC(=S)Nc2cccc(OC)c2)c1,inactive,4.835647144215563,578.8100000000002,8.121000000000004,4.0,6.0
CHEMBL3629079,S=C(Nc1cccc(Br)c1)Nc1ccccc1SSc1ccccc1NC(=S)Nc1cccc(Br)c1,inactive,4.987162775294828,676.5500000000001,9.628799999999998,4.0,4.0
CHEMBL3629078,Fc1cccc(NC(=S)Nc2ccccc2SSc2ccccc2NC(=S)Nc2cccc(F)c2)c1,inactive,5.823908740944319,554.7380000000002,8.382000000000001,4.0,4.0
CHEMBL3629077,Cc1cccc(NC(=S)Nc2ccccc2SSc2ccccc2NC(=S)Nc2cccc(C)c2)c1,inactive,5.431798275933005,546.8120000000001,8.720640000000001,4.0,4.0
CHEMBL3629076,FC(F)(F)c1ccc(NC(=S)Nc2ccccc2SSc2ccccc2NC(=S)Nc2ccc(C(F)(F)F)cc2)cc1,inactive,5.823908740944319,654.7520000000003,10.141399999999994,4.0,4.0
CHEMBL3629075,O=[N+]([O-])c1ccc(NC(=S)Nc2ccccc2SSc2ccccc2NC(=S)Nc2ccc([N+](=O)[O-])cc2)cc1,inactive,5.1938200260161125,608.7520000000002,7.920200000000003,4.0,8.0
CHEMBL3629074,COc1ccc(NC(=S)Nc2ccccc2SSc2ccccc2NC(=S)Nc2ccc(OC)cc2)cc1,inactive,5.376750709602099,578.8100000000002,8.121000000000004,4.0,6.0
CHEMBL3629073,S=C(Nc1ccc(Br)cc1)Nc1ccccc1SSc1ccccc1NC(=S)Nc1ccc(Br)cc1,inactive,5.366531544420414,676.5500000000001,9.628799999999998,4.0,4.0
CHEMBL3629072,Fc1ccc(NC(=S)Nc2ccccc2SSc2ccccc2NC(=S)Nc2ccc(F)cc2)cc1,active,6.3979400086720375,554.7380000000002,8.382000000000001,4.0,4.0
CHEMBL3629071,Cc1ccc(NC(=S)Nc2ccccc2SSc2ccccc2NC(=S)Nc2ccc(C)cc2)cc1,inactive,5.853871964321762,546.8120000000002,8.720640000000001,4.0,4.0
CHEMBL3818166,Cc1ccc(/N=C2\C(=O)Nc3ccc([N+](=O)[O-])cc32)cc1/N=C1\C(=O)Nc2ccc([N+](=O)[O-])cc21,inactive,5.23210238398191,470.40100000000024,3.957220000000002,2.0,8.0
CHEMBL3818613,Cc1ccc(/N=C2\C(=O)Nc3ccc(S(=O)(=O)O)cc32)cc1/N=C1\C(=O)Nc2ccc(S(=O)(=O)O)cc21,inactive,4.598599459218456,540.5350000000002,2.634220000000001,4.0,8.0
CHEMBL3818885,Cc1ccc2c(c1)/C(=N/c1ccc(C)c(/N=C3\C(=O)Nc4ccc(C)cc43)c1)C(=O)N2,active,6.468521082957745,408.4610000000001,4.757660000000004,2.0,4.0
CHEMBL3818010,Cc1ccc(/N=C2\C(=O)Nc3ccc(Cl)cc32)cc1/N=C1\C(=O)Nc2ccc(Cl)cc21,active,6.958607314841775,449.2970000000002,5.447620000000003,2.0,4.0
CHEMBL3819266,Cc1ccc(/N=C2\C(=O)Nc3ccc(F)cc32)cc1/N=C1\C(=O)Nc2ccc(F)cc21,inactive,5.782516055786093,416.3870000000001,4.4190200000000015,2.0,4.0
CHEMBL3818469,Cc1ccc(/N=C2\C(=O)Nc3ccc(Br)cc32)cc1/N=C1\C(=O)Nc2ccc(Br)cc21,active,7.397940008672037,538.1990000000001,5.665820000000003,2.0,4.0
CHEMBL3818201,Cc1ccc(/N=C2\C(=O)Nc3ccccc32)cc1/N=C1\C(=O)Nc2ccccc21,inactive,5.939302159646388,380.40700000000015,4.140820000000002,2.0,4.0
CHEMBL3827899,O=C(NC(=S)Nc1ccccc1)c1cccc(Cl)c1,inactive,5.489454989793388,290.77500000000003,3.466800000000002,2.0,2.0
CHEMBL3827717,O=C(NC(=S)Nc1ccc(Cl)cc1)c1cccc(Cl)c1,inactive,4.931814138253838,325.22,4.120200000000001,2.0,2.0
CHEMBL3827501,O=C(NC(=S)Nc1cccc(Cl)c1Cl)c1cccc(Cl)c1,inactive,5.71669877129645,359.6650000000001,4.773600000000002,2.0,2.0
CHEMBL3827593,O=C(NC(=S)Nc1ccc(Cl)cc1Cl)c1cccc(Cl)c1,inactive,5.872895201635193,359.6650000000001,4.773600000000002,2.0,2.0
CHEMBL3828544,O=C(NC(=S)Nc1cc(Cl)ccc1Cl)c1cccc(Cl)c1,inactive,5.012333735073725,359.6650000000001,4.773600000000002,2.0,2.0
CHEMBL3827068,O=C(NC(=S)Nc1c(Cl)cccc1Cl)c1cccc(Cl)c1,inactive,5.269217724333611,359.6650000000001,4.773600000000002,2.0,2.0
CHEMBL3828387,O=C(NC(=S)Nc1cc(Cl)cc(Cl)c1)c1cccc(Cl)c1,inactive,5.185086818724926,359.6650000000001,4.773600000000002,2.0,2.0
CHEMBL3828309,O=C(NC(=S)Nc1cc(Cl)c(Cl)cc1Cl)c1cccc(Cl)c1,inactive,5.130181792020672,394.11,5.427000000000001,2.0,2.0
CHEMBL3828346,O=C(NC(=S)Nc1c(Cl)cc(Cl)cc1Cl)c1cccc(Cl)c1,inactive,5.438898616350944,394.1100000000001,5.427000000000001,2.0,2.0
CHEMBL3827287,Cc1ccc(NC(=S)NC(=O)c2cccc(Cl)c2)cc1,inactive,4.906578314837765,304.802,3.775220000000002,2.0,2.0
CHEMBL3827344,Cc1cccc(NC(=S)NC(=O)c2cccc(Cl)c2)c1C,inactive,5.351639989019068,318.82900000000006,4.083640000000003,2.0,2.0
CHEMBL3827984,Cc1cc(C)c(NC(=S)NC(=O)c2cccc(Cl)c2)c(C)c1,inactive,5.910094888560602,332.8560000000001,4.3920600000000025,2.0,2.0
CHEMBL3827087,O=C(NC(=S)Nc1cccc(Br)c1)c1cccc(Cl)c1,inactive,4.696803942579511,369.67100000000005,4.229300000000001,2.0,2.0
CHEMBL3827052,O=C(NC(=S)Nc1ccc(Br)cc1Br)c1cccc(Cl)c1,inactive,5.199282921717615,448.5670000000001,4.991800000000002,2.0,2.0
CHEMBL3827835,O=C(NC(=S)Nc1ccccc1[N+](=O)[O-])c1cccc(Cl)c1,inactive,5.066006836168758,335.77200000000005,3.375000000000001,2.0,4.0
CHEMBL3827414,COc1ccccc1NC(=S)NC(=O)c1cccc(Cl)c1,inactive,5.421360790031928,320.80100000000004,3.4754000000000014,2.0,3.0
CHEMBL3827341,O=C(NC(=S)Nc1ccccc1C(F)(F)F)c1cccc(Cl)c1,inactive,5.253365801062421,358.77200000000005,4.485600000000002,2.0,2.0
CHEMBL3828756,O=C(NC(=S)Nc1cccc(C(F)(F)F)c1)c1cccc(Cl)c1,inactive,5.543633966870957,358.77200000000005,4.485600000000002,2.0,2.0
CHEMBL3828020,O=C(NC(=S)Nc1ccc(C(F)(F)F)cc1)c1cccc(Cl)c1,inactive,5.152427340857888,358.77200000000005,4.485600000000002,2.0,2.0
CHEMBL3828203,CCc1cccc(CC)c1NC(=S)NC(=O)c1cccc(Cl)c1,inactive,4.899629454882437,346.88300000000004,4.591600000000003,2.0,2.0
CHEMBL3827183,O=C(NC(=S)Nc1ccc(F)cc1)c1cccc(Cl)c1,inactive,5.536107011014093,308.765,3.605900000000002,2.0,2.0
CHEMBL3827841,CN(C(=S)NC(=O)c1cccc(Cl)c1)c1ccccc1,inactive,4.756961951313706,304.802,3.491100000000001,1.0,2.0
CHEMBL1448267,O=C(NC(=S)NCc1ccccc1)c1cccc(Cl)c1,inactive,4.785156151952302,304.802,3.1445000000000016,2.0,2.0
CHEMBL3828702,O=C(NC(=S)NC1CCCCC1)c1cccc(Cl)c1,inactive,4.844663962534939,296.823,3.277000000000002,2.0,2.0
CHEMBL3828565,O=C(NC(=S)Nc1ncccn1)c1cccc(Cl)c1,inactive,5.675717544702307,292.75100000000003,2.2568,2.0,4.0
CHEMBL3910709,C1=Cc2ccc3cc(/C=N/c4nc(-c5ccccc5)cs4)cc4c3c2C(=CC4)C1,inactive,5.552841968657781,390.5110000000002,7.070300000000006,0.0,3.0
CHEMBL3931317,C(=N/c1nc(-c2ccccc2)cs1)\c1c[nH]c2ccccc12,inactive,5.067526235322847,303.39000000000004,5.0420000000000025,1.0,3.0
CHEMBL3967634,CCOc1cccc(/C=N/c2nc(-c3ccccc3)cs2)c1O,inactive,5.102372908709558,324.40500000000003,4.665000000000003,1.0,5.0
CHEMBL3895168,CCOc1ccc(/C=N/c2nc(-c3ccccc3)cs2)cc1,inactive,4.95233580539844,308.406,4.959400000000003,0.0,4.0
CHEMBL3923141,C(=N/c1nc(-c2ccccc2)cs1)\c1ccncc1,inactive,5.119186407719209,265.341,3.955700000000002,0.0,4.0
CHEMBL3899427,COc1cccc(/C=N/c2nc(-c3ccccc3)cs2)c1O,inactive,5.055517327849831,310.37800000000004,4.274900000000002,1.0,5.0
CHEMBL3970599,C(=N/c1nc(-c2ccccc2)cs1)\c1ccc2ccccc2c1,inactive,5.0301183562535,314.413,5.713900000000003,0.0,3.0
CHEMBL3908478,Oc1ccc(Cl)cc1/C=N/c1nc(-c2ccccc2)cs1,inactive,5.089909454405932,314.797,4.919700000000002,1.0,4.0
CHEMBL3949937,CC(C)c1ccc(/C=N/c2nc(-c3ccccc3)cs2)cc1,inactive,4.838631997765025,306.434,5.684100000000004,0.0,3.0
CHEMBL3913173,Cc1ccc(/C=N/c2nc(-c3ccccc3)cs2)o1,inactive,4.748848656824645,268.34100000000007,4.462120000000002,0.0,4.0
CHEMBL329507,O=[N+]([O-])c1ccc(/C=N/c2nc(-c3ccccc3)cs2)cc1,inactive,4.488116639021126,309.35,4.468900000000002,0.0,5.0
CHEMBL3916754,Oc1ccc(/C=N/c2nc(-c3ccccc3)cs2)cc1,inactive,4.6955094722265125,280.35200000000003,4.266300000000002,1.0,4.0
CHEMBL3896410,COc1ccc(/C=N/c2nc(-c3ccccc3)cs2)cc1,inactive,4.651111276928562,294.379,4.569300000000003,0.0,4.0
CHEMBL3891684,CN(C)c1ccc(/C=N/c2nc(-c3ccccc3)cs2)cc1,inactive,4.691222226335279,307.422,4.626700000000003,0.0,4.0
CHEMBL3891706,CC/C=N/c1nc(-c2ccccc2)cs1,inactive,4.689731633367552,216.30900000000003,3.9224000000000023,0.0,3.0
CHEMBL3960696,Oc1ccccc1/C=N/c1nc(-c2ccccc2)cs1,inactive,4.905528871358356,280.35200000000003,4.266300000000003,1.0,4.0
CHEMBL3975502,COc1ccc(/C=C/C=N/c2nc(-c3ccccc3)cs2)cc1,inactive,4.435807539373802,320.417,5.2344000000000035,0.0,4.0
CHEMBL3908791,CSc1ccc(/C=N/c2nc(-c3ccccc3)cs2)cc1,inactive,5.157390760389438,310.447,5.282600000000003,0.0,4.0
CHEMBL95373,C(=N/c1nc(-c2ccccc2)cs1)\c1ccccc1,inactive,4.775725985705742,264.353,4.560700000000002,0.0,3.0
CHEMBL3892224,Clc1ccccc1/C=N/c1nc(-c2ccccc2)cs1,inactive,4.885055584287415,298.798,5.214100000000003,0.0,3.0
CHEMBL3950151,C(=N/c1nc(-c2ccccc2)cs1)\c1cccc2ccccc12,inactive,4.637140697041319,314.413,5.713900000000003,0.0,3.0
CHEMBL3963643,Fc1ccccc1/C=N/c1nc(-c2ccccc2)cs1,inactive,4.746419710437817,282.343,4.699800000000002,0.0,3.0
CHEMBL3917674,Oc1cccc(/C=N/c2nc(-c3ccccc3)cs2)c1O,inactive,4.707079700399994,296.35100000000006,3.971900000000002,2.0,5.0
CHEMBL3890494,COc1ccc(/C=N/c2nc(-c3ccccc3)cs2)cc1OC,inactive,4.94692155651658,324.4050000000001,4.577900000000003,0.0,5.0
CHEMBL3968055,Clc1cccc(Cl)c1/C=N/c1nc(-c2ccccc2)cs1,inactive,4.651111276928562,333.243,5.867500000000004,0.0,3.0
CHEMBL3893425,Clc1ccc(/C=N/c2nc(-c3ccccc3)cs2)cc1,inactive,4.721246399047171,298.798,5.214100000000003,0.0,3.0
CHEMBL3976030,COCc1c(/C=N/c2nc(-c3ccccc3)cs2)ccc(OC)c1OC,inactive,4.60977163753087,368.4580000000002,4.724300000000004,0.0,6.0
CHEMBL3893677,O=[N+]([O-])c1cccc(/C=N/c2nc(-c3ccccc3)cs2)c1,inactive,4.978810700930062,309.34999999999997,4.468900000000002,0.0,5.0
CHEMBL4070510,Clc1cc2nc(C3CC3)[nH]c2cc1Cl,active,6.769551078621726,227.094,3.7471000000000014,1.0,1.0
CHEMBL4083652,COC(=O)Cn1c(C2CC2)nc2cc(Cl)c(Cl)cc21,inactive,5.950781977329818,299.15700000000004,3.393500000000002,0.0,4.0
CHEMBL4061886,NNC(=O)Cn1c(C2CC2)nc2cc(Cl)c(Cl)cc21,inactive,5.71669877129645,299.161,2.2104,2.0,4.0
CHEMBL4073245,Sc1nnc(Cn2c(C3CC3)nc3cc(Cl)c(Cl)cc32)o1,inactive,5.872895201635193,341.223,3.940500000000002,1.0,6.0
CHEMBL4100084,CNC(=S)NNC(=O)Cn1c(C2CC2)nc2cc(Cl)c(Cl)cc21,active,7.301029995663981,372.2810000000001,2.3456,3.0,4.0
CHEMBL4085244,CCNC(=S)NNC(=O)Cn1c(C2CC2)nc2cc(Cl)c(Cl)cc21,active,6.552841968657781,386.30800000000005,2.7357000000000005,3.0,4.0
CHEMBL4103174,Cn1c(S)nnc1Cn1c(C2CC2)nc2cc(Cl)c(Cl)cc21,active,6.769551078621726,354.266,3.6860000000000017,1.0,6.0
CHEMBL4074987,CCn1c(S)nnc1Cn1c(C2CC2)nc2cc(Cl)c(Cl)cc21,active,6.42021640338319,368.29300000000006,4.1689000000000025,1.0,6.0
CHEMBL4095419,O=C(Cn1c(C2CC2)nc2cc(Cl)c(Cl)cc21)N/N=C/c1ccccc1,inactive,5.684029654543083,387.27000000000004,4.370800000000003,1.0,4.0
CHEMBL4100705,O=C(Cn1c(C2CC2)nc2cc(Cl)c(Cl)cc21)N/N=C/c1ccc(Cl)cc1,active,6.537602002101044,421.71500000000003,5.024200000000003,1.0,4.0
CHEMBL4073930,CN(C)c1ccc(/C=N/NC(=O)Cn2c(C3CC3)nc3cc(Cl)c(Cl)cc32)cc1,inactive,5.826813731587726,430.3390000000001,4.436800000000003,1.0,5.0
CHEMBL4092986,O=C(Cn1c(C2CC2)nc2cc(Cl)c(Cl)cc21)N/N=C/c1ccc(F)c(Br)c1,active,7.221848749616356,484.15600000000006,5.272400000000003,1.0,4.0
CHEMBL4092021,O=C(Cn1c(C2CC2)nc2cc(Cl)c(Cl)cc21)N/N=C/c1cc(Cl)ccc1O,active,6.823908740944319,437.71400000000006,4.729800000000003,2.0,5.0
CHEMBL4071196,O=C(Cn1c(C2CC2)nc2cc(Cl)c(Cl)cc21)N/N=C/c1cc(Br)ccc1O,active,6.853871964321762,482.1650000000001,4.838900000000003,2.0,5.0
CHEMBL4065321,O=C(Cn1c(C2CC2)nc2cc(Cl)c(Cl)cc21)N/N=C/c1ccccc1O,active,6.657577319177793,403.26900000000006,4.076400000000003,2.0,5.0
CHEMBL4202962,Cc1ccc(C(c2c[nH]c3ccc(C(=O)NNC(=S)Nc4ccccc4F)cc23)c2c[nH]c3ccc(C(=O)NNC(=S)Nc4ccccc4F)cc23)cc1,active,6.096910013008056,758.8800000000001,7.678820000000004,8.0,4.0
CHEMBL4213332,Cc1ccc(C(c2c[nH]c3ccc(C(=O)NNC(=S)Nc4ccccc4Br)cc23)c2c[nH]c3ccc(C(=O)NNC(=S)Nc4ccccc4Br)cc23)cc1,inactive,5.6020599913279625,880.6919999999999,8.925619999999999,8.0,4.0
CHEMBL4210263,Cc1ccc(C(c2c[nH]c3ccc(C(=O)NNC(=S)Nc4cccc(Br)c4)cc23)c2c[nH]c3ccc(C(=O)NNC(=S)Nc4cccc(Br)c4)cc23)cc1,inactive,5.7447274948966935,880.6919999999999,8.925619999999999,8.0,4.0
CHEMBL4205363,Cc1ccc(C(c2c[nH]c3ccc(C(=O)NNC(=S)Nc4ccc(Br)cc4)cc23)c2c[nH]c3ccc(C(=O)NNC(=S)Nc4ccc(Br)cc4)cc23)cc1,inactive,5.886056647693163,880.6919999999999,8.925619999999999,8.0,4.0
CHEMBL4214144,Cc1ccc(C(c2c[nH]c3ccc(C(=O)NNC(=S)Nc4cccc(F)c4)cc23)c2c[nH]c3ccc(C(=O)NNC(=S)Nc4cccc(F)c4)cc23)cc1,active,6.008773924307505,758.8800000000001,7.678820000000004,8.0,4.0
CHEMBL4202456,Cc1ccc(C(c2c[nH]c3ccc(C(=O)NNC(=S)Nc4ccc(F)cc4)cc23)c2c[nH]c3ccc(C(=O)NNC(=S)Nc4ccc(F)cc4)cc23)cc1,inactive,5.958607314841775,758.8800000000001,7.678820000000004,8.0,4.0
CHEMBL4216656,Cc1ccc(C(c2c[nH]c3ccc(C(=O)NNC(=S)Nc4ccccc4Cl)cc23)c2c[nH]c3ccc(C(=O)NNC(=S)Nc4ccccc4Cl)cc23)cc1,inactive,5.920818753952375,791.79,8.70742,8.0,4.0
CHEMBL4217720,Cc1ccc(C(c2c[nH]c3ccc(C(=O)NNC(=S)Nc4ccc(Cl)cc4)cc23)c2c[nH]c3ccc(C(=O)NNC(=S)Nc4ccc(Cl)cc4)cc23)cc1,inactive,5.560667306169737,791.79,8.707419999999999,8.0,4.0
CHEMBL4208211,Cc1ccc(C(c2c[nH]c3ccc(C(=O)NNC(=S)Nc4ccc(Cl)c(Cl)c4)cc23)c2c[nH]c3ccc(C(=O)NNC(=S)Nc4ccc(Cl)c(Cl)c4)cc23)cc1,active,6.853871964321762,860.68,10.014219999999996,8.0,4.0
CHEMBL4203333,Cc1ccc(C(c2c[nH]c3ccc(C(=O)NNC(=S)Nc4ccccc4C)cc23)c2c[nH]c3ccc(C(=O)NNC(=S)Nc4ccccc4C)cc23)cc1,inactive,5.481486060122113,750.9540000000001,8.017460000000005,8.0,4.0
CHEMBL4218470,Cc1ccc(C(c2c[nH]c3ccc(C(=O)NNC(=S)Nc4cccc(C)c4)cc23)c2c[nH]c3ccc(C(=O)NNC(=S)Nc4cccc(C)c4)cc23)cc1,inactive,5.292429823902063,750.9540000000001,8.017460000000005,8.0,4.0
CHEMBL4214719,Cc1ccc(NC(=S)NNC(=O)c2ccc3[nH]cc(C(c4ccc(C)cc4)c4c[nH]c5ccc(C(=O)NNC(=S)Nc6ccc(C)cc6)cc45)c3c2)cc1,inactive,5.376750709602099,750.9540000000002,8.017460000000005,8.0,4.0
CHEMBL4216067,COc1ccccc1NC(=S)NNC(=O)c1ccc2[nH]cc(C(c3ccc(C)cc3)c3c[nH]c4ccc(C(=O)NNC(=S)Nc5ccccc5OC)cc34)c2c1,inactive,5.075720713938118,782.9520000000001,7.417820000000005,8.0,6.0
CHEMBL4211100,COc1cccc(NC(=S)NNC(=O)c2ccc3[nH]cc(C(c4ccc(C)cc4)c4c[nH]c5ccc(C(=O)NNC(=S)Nc6cccc(OC)c6)cc45)c3c2)c1,inactive,4.91721462968355,782.9520000000001,7.417820000000005,8.0,6.0
CHEMBL4208151,Cc1ccc(C(c2c[nH]c3ccc(C(=O)NNC(=S)Nc4cccc([N+](=O)[O-])c4)cc23)c2c[nH]c3ccc(C(=O)NNC(=S)Nc4cccc([N+](=O)[O-])c4)cc23)cc1,inactive,5.119186407719209,812.894,7.217020000000004,8.0,8.0
CHEMBL4214615,Cc1ccc(C(c2c[nH]c3ccc(C(=O)NNC(=S)Nc4ccc([N+](=O)[O-])cc4)cc23)c2c[nH]c3ccc(C(=O)NNC(=S)Nc4ccc([N+](=O)[O-])cc4)cc23)cc1,inactive,5.022276394711152,812.894,7.217020000000003,8.0,8.0
CHEMBL4209771,Cc1ccc(C(c2c[nH]c3ccc(C(=O)NNC(=S)Nc4ccc(C(F)(F)F)cc4)cc23)c2c[nH]c3ccc(C(=O)NNC(=S)Nc4ccc(C(F)(F)F)cc4)cc23)cc1,active,6.301029995663981,858.8940000000001,9.43822,8.0,4.0
CHEMBL4204156,Cc1ccc(C(c2c[nH]c3ccc(C(=O)NNC(=S)NC45CC6CC(CC(C6)C4)C5)cc23)c2c[nH]c3ccc(C(=O)NNC(=S)NC45CC6CC(CC(C6)C4)C5)cc23)cc1,inactive,4.732828271596986,839.1479999999998,8.293220000000005,8.0,4.0
CHEMBL4438182,NC(=S)N1N=C(c2cc3ccccc3oc2=O)CC1c1ccccc1,active,6.446116973356125,349.4150000000001,3.1877000000000013,1.0,4.0
CHEMBL4440032,COc1ccc(NC(=O)NCc2cn(Cc3ccc(Cl)cc3Cl)nn2)cc1,inactive,4.641874714723351,406.273,3.9635000000000025,2.0,5.0
CHEMBL3600661,NS(=O)(=O)c1ccc(CCNC=C2C(=O)NC(=S)NC2=O)cc1,inactive,4.940815382368629,354.413,-1.1190999999999984,4.0,6.0
CHEMBL1549559,Cc1ccc(S(=O)(=O)Nc2ccc(S(=O)(=O)Nc3ncccn3)cc2)cc1,active,8.657577319177793,404.47300000000007,2.3866200000000006,2.0,6.0
CHEMBL4573263,O=[N+]([O-])c1ccc(NC(=S)N/N=C(\c2ccccc2)c2ccc(O)cc2)cc1,inactive,4.583359492661719,392.4400000000001,4.039400000000002,3.0,5.0
CHEMBL4564784,Oc1ccc(/C(=N/NC(=S)Nc2cccc(Br)c2)c2ccccc2)cc1,inactive,5.060480747381382,426.3390000000001,4.8937000000000035,3.0,3.0
CHEMBL4472939,CC(=O)Nc1ccc(S(=O)(=O)Nc2ccc(Br)cc2)cc1,inactive,4.205093893483196,369.24,3.2083000000000013,2.0,3.0
CHEMBL4760175,CCCCCCCCn1c2ccc(C(C)=O)cc2c2cc(C(=O)/C=C/c3ccccc3Br)ccc21,inactive,5.049148541111453,530.5060000000002,9.0162,0.0,3.0
CHEMBL4796023,CCCCCCCCn1c2ccc(C(C)=O)cc2c2cc(C(=O)/C=C/c3ccc(Cl)cc3)ccc21,inactive,4.607654844638796,486.05500000000023,8.907100000000002,0.0,3.0
CHEMBL4778537,CCCCCCCCn1c2ccc(C(C)=O)cc2c2cc(C(=O)/C=C/c3cccc([N+](=O)[O-])c3)ccc21,inactive,4.849243560139691,496.60700000000026,8.161900000000006,0.0,5.0
CHEMBL4776100,CCCCCCCCn1c2ccc(C(C)=O)cc2c2cc(C(=O)/C=C/c3ccc(OC)cc3)ccc21,inactive,5.162411561764489,481.63600000000025,8.262300000000007,0.0,4.0
CHEMBL4777883,CCCCCCCCn1c2ccc(C(C)=O)cc2c2cc(C(=O)/C=C/c3ccc(N(C)C)cc3)ccc21,inactive,3.826755440938433,494.67900000000026,8.319700000000006,0.0,4.0
CHEMBL4784552,CCCCCCCCn1c2ccc(C(C)=O)cc2c2cc(C(=O)/C=C/c3cc(OC)c(OC)c(OC)c3)ccc21,inactive,3.824198367151721,541.6880000000003,8.279500000000008,0.0,6.0
CHEMBL4779235,CCCCCCCCn1c2ccc(C(C)=O)cc2c2cc(C(=O)/C=C/c3ccco3)ccc21,inactive,4.605898697959955,441.5710000000002,7.846700000000007,0.0,4.0
CHEMBL4525654,CN(C)c1cccc2c(S(=O)(=O)NN=C(c3ccccc3)c3ccccc3)cccc12,inactive,4.141522958186659,429.5450000000001,4.636700000000004,1.0,4.0
CHEMBL4443209,O=S(=O)(NN=C(c1ccccc1)c1ccccc1)c1cc(Cl)cc(Cl)c1O,inactive,4.144905048841379,421.3050000000002,4.429900000000003,2.0,4.0
CHEMBL4536222,O=[N+]([O-])c1ccc(S(=O)(=O)NN=C(c2ccccc2)c2ccccc2)c([N+](=O)[O-])c1,inactive,4.161213855053405,426.41000000000014,3.233900000000002,1.0,7.0
CHEMBL4555860,Cc1ccc([N+](=O)[O-])cc1S(=O)(=O)NN=C(c1ccccc1)c1ccccc1,inactive,4.161213855053405,395.44000000000005,3.634120000000002,1.0,5.0
CHEMBL4574235,O=S(=O)(NN=C(c1ccccc1)c1ccccc1)c1ccc(Cl)cc1,inactive,4.179798540514359,370.8610000000001,4.070900000000003,1.0,3.0
CHEMBL4521852,O=S(=O)(N/N=C(\c1ccccc1)c1ccc(O)cc1)c1ccccc1,inactive,4.787812395596042,352.4150000000001,3.1231000000000018,2.0,4.0
CHEMBL4568517,CS(=O)(=O)N/N=C(\c1ccccc1)c1ccc(O)cc1,inactive,4.362610349870788,290.34400000000005,1.6937999999999998,2.0,4.0
CHEMBL4446149,O=S(=O)(N/N=C(\c1ccccc1)c1ccc(O)cc1)c1ccccc1Cl,inactive,4.771856392402258,386.8600000000001,3.776500000000002,2.0,4.0
CHEMBL4572204,O=S(=O)(N/N=C(\c1ccccc1)c1ccc(O)cc1)c1cc(Cl)c(Cl)cc1Cl,inactive,4.237471477553,455.7500000000002,5.083300000000003,2.0,4.0
CHEMBL4441391,CN(C)c1cccc2c(S(=O)(=O)N/N=C(\c3ccccc3)c3ccc(O)cc3)cccc12,inactive,5.2441251443275085,445.5440000000001,4.342300000000003,2.0,5.0
CHEMBL4592281,O=S(=O)(CCCl)N/N=C(\c1ccccc1)c1ccc(O)cc1,inactive,4.259321574772545,338.8160000000001,2.3028000000000004,2.0,4.0
CHEMBL4474805,O=S(=O)(N/N=C(\c1ccccc1)c1ccc(O)cc1)c1ccc(Cl)cc1Cl,inactive,4.744968836654449,421.3050000000002,4.429900000000003,2.0,4.0
CHEMBL4557719,O=S(=O)(N/N=C(\c1ccccc1)c1ccc(O)cc1)c1cc(Cl)ccc1Cl,inactive,4.505845405981558,421.3050000000002,4.429900000000003,2.0,4.0
CHEMBL4473387,O=S(=O)(N/N=C(\c1ccccc1)c1ccc(O)cc1)c1cc(Cl)cc(Cl)c1O,inactive,5.303643611266668,437.3040000000002,4.135500000000002,3.0,5.0
CHEMBL4587997,COc1ccc(S(=O)(=O)N/N=C(\c2ccccc2)c2ccc(O)cc2)cc1,inactive,4.838332587562264,382.4410000000001,3.1317000000000013,2.0,5.0
CHEMBL4436232,O=[N+]([O-])c1cccc(S(=O)(=O)N/N=C(\c2ccccc2)c2ccc(O)cc2)c1,inactive,4.8623294627632445,397.4120000000001,3.0313000000000017,2.0,6.0
CHEMBL4437765,O=[N+]([O-])c1ccc(S(=O)(=O)N/N=C(\c2ccccc2)c2ccc(O)cc2)cc1,inactive,5.4089353929735005,397.4120000000001,3.0313000000000017,2.0,6.0
CHEMBL462481,NCC(=O)NCC(=O)NO,active,6.102372908709558,147.134,-2.4333,4.0,4.0
CHEMBL4130000,O=C(CCSc1nnc(Cc2csc(NC(=O)c3ccccc3)n2)o1)Nc1ccccc1,inactive,5.530177984021837,465.5600000000001,4.490100000000003,2.0,8.0
CHEMBL4129736,Cc1ccccc1NC(=O)CCSc1nnc(Cc2csc(NC(=O)c3ccccc3)n2)o1,inactive,5.126679398184601,479.58700000000016,4.7985200000000034,2.0,8.0
CHEMBL4126448,Cc1cccc(NC(=O)CCSc2nnc(Cc3csc(NC(=O)c4ccccc4)n3)o2)c1,inactive,4.912573542963714,479.58700000000016,4.7985200000000034,2.0,8.0
CHEMBL4126307,Cc1ccc(NC(=O)CCSc2nnc(Cc3csc(NC(=O)c4ccccc4)n3)o2)cc1,inactive,4.534914712442567,479.58700000000016,4.7985200000000034,2.0,8.0
CHEMBL4127682,Cc1cccc(NC(=O)CCSc2nnc(Cc3csc(NC(=O)c4ccccc4)n3)o2)c1C,inactive,4.317313521750232,493.6140000000002,5.106940000000004,2.0,8.0
CHEMBL4127272,Cc1ccc(C)c(NC(=O)CCSc2nnc(Cc3csc(NC(=O)c4ccccc4)n3)o2)c1,inactive,4.816730156317195,493.6140000000002,5.106940000000004,2.0,8.0
CHEMBL4128654,Cc1cccc(C)c1NC(=O)CCSc1nnc(Cc2csc(NC(=O)c3ccccc3)n2)o1,inactive,5.554395796726403,493.6140000000002,5.106940000000004,2.0,8.0
CHEMBL4128510,Cc1ccc(NC(=O)CCSc2nnc(Cc3csc(NC(=O)c4ccccc4)n3)o2)cc1C,inactive,4.466100899203405,493.6140000000002,5.106940000000003,2.0,8.0
CHEMBL4129880,Cc1cc(C)cc(NC(=O)CCSc2nnc(Cc3csc(NC(=O)c4ccccc4)n3)o2)c1,inactive,4.282995592959453,493.6140000000002,5.106940000000004,2.0,8.0
CHEMBL4129997,CCc1ccccc1NC(=O)CCSc1nnc(Cc2csc(NC(=O)c3ccccc3)n2)o1,inactive,5.58838029403677,493.6140000000002,5.052500000000004,2.0,8.0
CHEMBL4126727,CCc1ccc(NC(=O)CCSc2nnc(Cc3csc(NC(=O)c4ccccc4)n3)o2)cc1,inactive,4.364717362001788,493.61400000000015,5.052500000000004,2.0,8.0
CHEMBL4127102,CCOc1ccc(NC(=O)CCSc2nnc(Cc3csc(NC(=O)c4ccccc4)n3)o2)cc1,inactive,4.633763876281707,509.61300000000017,4.888800000000003,2.0,9.0
CHEMBL4291305,CC(C)=CCN1C(=O)/C(=N/NC(=O)c2ccccc2)c2ccccc21,inactive,3.889410289700751,333.3910000000001,3.1335000000000015,1.0,3.0
CHEMBL4286810,CC(C)=CCN1C(=O)/C(=N/NC(=O)c2ccc(F)cc2)c2ccccc21,inactive,3.812479279163537,351.3810000000001,3.2726000000000015,1.0,3.0
CHEMBL4294712,CC(C)=CCN1C(=O)/C(=N/NC(=O)c2ccc(Cl)cc2)c2ccccc21,inactive,3.844663962534938,367.8360000000001,3.786900000000002,1.0,3.0
CHEMBL4281503,CC(C)=CCN1C(=O)/C(=N/NC(=O)c2ccc(Br)cc2)c2ccccc21,inactive,4.0762380391713,412.2870000000001,3.8960000000000026,1.0,3.0
CHEMBL4289384,CC(C)=CCN1C(=O)/C(=N/NC(=O)c2ccc(C)cc2)c2ccccc21,inactive,4.52432881167557,347.41800000000006,3.4419200000000023,1.0,3.0
CHEMBL4287490,COc1ccc(C(=O)N/N=C2/C(=O)N(CC=C(C)C)c3ccccc32)cc1,inactive,5.155522824254319,363.41700000000003,3.142100000000002,1.0,4.0
CHEMBL4279579,CC(C)=CCN1C(=O)/C(=N/NC(=O)c2ccc(C(C)C)cc2)c2ccccc21,inactive,4.826813731587726,375.4720000000001,4.2569000000000035,1.0,3.0
CHEMBL4290913,CC(C)=CCN1C(=O)/C(=N/NC(=O)c2ccc(C(C)(C)C)cc2)c2ccccc21,inactive,4.709965388637482,389.49900000000014,4.431000000000004,1.0,3.0
CHEMBL4283043,CC(C)=CCN1C(=O)/C(=N/NC(=O)c2ccc(C(F)(F)F)cc2)c2ccccc21,inactive,4.355561410532162,401.3880000000001,4.152300000000003,1.0,3.0
CHEMBL4294307,CC(C)=CCN1C(=O)/C(=N/NC(=O)c2ccc(Oc3ccccc3)cc2)c2ccccc21,inactive,4.6439741428068775,425.4880000000001,4.925800000000004,1.0,4.0
CHEMBL4279161,CC(C)=CCN1C(=O)/C(=N/NC(=O)c2cccc(Cl)c2)c2ccccc21,inactive,4.419075024324381,367.8360000000001,3.786900000000002,1.0,3.0
CHEMBL4289842,CC(C)=CCN1C(=O)/C(=N/NC(=O)c2cccc(Br)c2)c2ccccc21,inactive,4.559090917934782,412.2870000000001,3.8960000000000026,1.0,3.0
CHEMBL4282631,COc1cccc(C(=O)N/N=C2/C(=O)N(CC=C(C)C)c3ccccc32)c1,inactive,5.085656842880559,363.4170000000001,3.142100000000002,1.0,4.0
CHEMBL4293217,CC(C)=CCN1C(=O)/C(=N/NC(=O)c2cccc(C(F)(F)F)c2)c2ccccc21,inactive,4.181774106386045,401.3880000000001,4.152300000000003,1.0,3.0
CHEMBL4289523,COc1ccccc1C(=O)N/N=C1/C(=O)N(CC=C(C)C)c2ccccc21,inactive,4.931814138253838,363.4170000000001,3.142100000000002,1.0,4.0
CHEMBL4278846,CC(C)=CCN1C(=O)/C(=N/NC(=O)c2cc(C)cc(C)c2)c2ccccc21,inactive,5.3585258894959,361.4450000000001,3.7503400000000022,1.0,3.0
CHEMBL4286094,COc1cc(OC)cc(C(=O)N/N=C2/C(=O)N(CC=C(C)C)c3ccccc32)c1,inactive,5.8696662315049934,393.4430000000001,3.1507000000000014,1.0,5.0
CHEMBL4293995,COc1ccc(C(=O)N/N=C2/C(=O)N(CC=C(C)C)c3ccccc32)cc1OC,active,6.1487416512809245,393.4430000000001,3.1507000000000014,1.0,5.0
CHEMBL4277785,COc1ccc(C(=O)N/N=C2/C(=O)N(CC=C(C)C)c3ccccc32)cc1F,inactive,5.417936637088292,381.40700000000004,3.281200000000002,1.0,4.0
CHEMBL4285715,CC(C)=CCN1C(=O)/C(=N/Nc2ccccc2)c2ccccc21,inactive,3.5228787452803374,305.3810000000001,3.8156000000000025,1.0,3.0
CHEMBL243822,Oc1ccc(CCc2ccc(O)c(O)c2O)cc1,inactive,4.522878745280337,246.26200000000003,2.294200000000001,4.0,4.0
CHEMBL242739,O=c1c(-c2ccc(O)cc2)coc2c(O)c(O)ccc12,inactive,3.853871964321762,270.24,2.5768000000000013,3.0,5.0
CHEMBL503157,N=C(Cc1ccc(O)cc1)c1ccc(O)c(O)c1,inactive,4.769551078621726,243.26199999999997,2.413970000000001,4.0,4.0
CHEMBL412199,NC(Cc1ccc(O)cc1)c1ccc(O)c(O)c1O,inactive,4.327902142064283,261.277,1.7515000000000005,5.0,5.0
CHEMBL593513,Cc1ncc([N+](=O)[O-])n1CCOC(=O)c1cc(Cl)ccc1OCCn1c([N+](=O)[O-])cnc1C,inactive,4.920818753952375,478.8490000000002,3.102240000000002,0.0,11.0
CHEMBL595619,Cc1ncc([N+](=O)[O-])n1CCOC(=O)c1cc(Br)ccc1OCCn1c([N+](=O)[O-])cnc1C,inactive,4.585026652029182,523.3000000000002,3.2113400000000016,0.0,11.0
CHEMBL1276206,Oc1ccc(CCc2ccc(F)cc2)c(O)c1O,inactive,4.366531544420414,248.25300000000001,2.7277000000000013,3.0,3.0
CHEMBL1276207,Oc1ccc(CCc2ccc(Cl)cc2)c(O)c1O,inactive,4.327902142064283,264.708,3.2420000000000018,3.0,3.0
CHEMBL1276035,Oc1ccc(CCc2ccc(Br)cc2)c(O)c1O,inactive,4.318758762624412,309.15900000000005,3.3511000000000024,3.0,3.0
CHEMBL1276036,Oc1ccc(CCc2cccc(Cl)c2)c(O)c1O,inactive,4.301029995663981,264.708,3.2420000000000018,3.0,3.0
CHEMBL1276037,Oc1ccc(CCc2cccc(Br)c2)c(O)c1O,inactive,4.2839966563652006,309.15900000000005,3.3511000000000015,3.0,3.0
CHEMBL1276338,COc1ccc(CCc2ccc(O)c(O)c2O)cc1OC,inactive,4.1487416512809245,290.31500000000005,2.605800000000002,3.0,5.0
CHEMBL1276359,CCOc1ccc(CCc2ccc(O)c(O)c2O)cc1OCC,inactive,4.161150909262744,318.3690000000001,3.386000000000003,3.0,5.0
CHEMBL1276108,CCc1ccc(O)c(O)c1O,inactive,4.468521082957745,154.16499999999996,1.3657999999999997,3.0,3.0
CHEMBL1276131,CCCCc1ccc(O)c(O)c1O,inactive,4.102372908709558,182.21899999999997,2.1460000000000012,3.0,3.0
CHEMBL1276132,CCCCCCc1ccc(O)c(O)c1O,inactive,4.040958607678906,210.273,2.926200000000003,3.0,3.0
CHEMBL1276133,CCCCCCCCc1ccc(O)c(O)c1O,inactive,3.987162775294828,238.32700000000003,3.706400000000004,3.0,3.0
CHEMBL1276134,CCCCCCCCCCc1ccc(O)c(O)c1O,inactive,3.906578314837765,266.381,4.4866000000000055,3.0,3.0
CHEMBL1276360,CCCCCCCCCCCCc1ccc(O)c(O)c1O,inactive,3.774690718274137,294.435,5.266800000000006,3.0,3.0
CHEMBL1276361,CCCCCCCCCCCCCCc1ccc(O)c(O)c1O,inactive,3.6020599913279625,322.489,6.047000000000008,3.0,3.0
CHEMBL1276205,Oc1ccc(CCc2ccc(O)c(O)c2)cc1,inactive,5.823908740944319,230.26300000000003,2.5886000000000013,3.0,3.0
CHEMBL1276204,Oc1ccc(CCc2ccc(F)cc2)cc1O,inactive,5.207608310501746,232.25400000000002,3.0221000000000022,2.0,2.0
CHEMBL1276106,Oc1ccc(CCc2ccc(Cl)cc2)cc1O,inactive,5.080921907623926,248.70900000000003,3.5364000000000027,2.0,2.0
CHEMBL1276107,Oc1ccc(CCc2cccc(Cl)c2)cc1O,inactive,4.804100347590766,248.70900000000003,3.5364000000000027,2.0,2.0
CHEMBL1276239,Oc1ccc(CCc2cccc(Br)c2)cc1O,inactive,4.772113295386326,293.16,3.6455000000000024,2.0,2.0
CHEMBL1276240,COc1ccc(CCc2ccc(O)c(O)c2)cc1OC,inactive,4.6439741428068775,274.31600000000003,2.9002000000000017,2.0,4.0
CHEMBL1276241,CCc1ccc(O)c(O)c1,inactive,5.309803919971486,138.16599999999997,1.6602,2.0,2.0
CHEMBL1276242,CCCCc1ccc(O)c(O)c1,inactive,5.102372908709558,166.21999999999997,2.4404000000000012,2.0,2.0
CHEMBL1276284,CCCCCCc1ccc(O)c(O)c1,inactive,4.910094888560602,194.274,3.220600000000003,2.0,2.0
CHEMBL1276285,CCCCCCCCc1ccc(O)c(O)c1,inactive,4.236572006437063,222.32800000000003,4.000800000000004,2.0,2.0
CHEMBL472762,COc1ccc(CCc2ccccc2O)cc1OC,inactive,3.643974142806877,258.317,3.194600000000002,1.0,3.0
CHEMBL1276286,COc1ccc(CCc2ccc(O)cc2)cc1OC,inactive,3.690369832574101,258.317,3.194600000000002,1.0,3.0
CHEMBL1276287,COc1ccc(CCc2cccc(Cl)c2)cc1OC,inactive,3.628932137728264,276.76300000000003,4.142400000000004,0.0,2.0
CHEMBL1275656,COc1ccc(CCc2ccc(Cl)cc2)cc1OC,inactive,3.595166283380062,276.76300000000003,4.142400000000004,0.0,2.0
CHEMBL2058477,O=C1C=C(NCCN2CCOCC2)C(=O)C=C1NCCN1CCOCC1,inactive,4.563837352959244,364.44600000000025,-1.2503999999999962,2.0,8.0
CHEMBL2058478,O=C1C=C(NC2CCCCC2)C(=O)C=C1NC1CCCCC1,inactive,4.381951903287908,302.4180000000001,2.7506000000000013,2.0,4.0
CHEMBL2058480,O=C1C=C(NC2CCCC2)C(=O)C=C1NC1CCCC1,inactive,4.451487743658965,274.36400000000003,1.9703999999999995,2.0,4.0
CHEMBL206452,Oc1cc(O)c2c(c1)OC(c1ccc(O)c(O)c1)C(O)C2,active,7.886056647693163,290.271,1.5460999999999998,5.0,6.0
CHEMBL117,O=c1cc(-c2ccccc2)oc2cc(O)cc(O)c12,inactive,3.519993057042849,254.24099999999999,2.8712000000000013,2.0,4.0
CHEMBL275391,COc1cc(OC)c2c(=O)cc(-c3ccccc3)oc2c1,inactive,2.6605485586935598,282.2950000000001,3.4772000000000025,0.0,4.0
CHEMBL151,O=c1cc(-c2ccc(O)c(O)c2)oc2cc(O)cc(O)c12,inactive,4.450996737974212,286.23900000000003,2.2824000000000004,4.0,6.0
CHEMBL8260,O=c1cc(-c2ccccc2)oc2cc(O)c(O)c(O)c12,inactive,3.5361070110140926,270.24,2.576800000000001,3.0,5.0
CHEMBL8145,O=c1c(-c2ccc(O)cc2)coc2cc(O)ccc12,inactive,3.2549252084179425,254.24099999999999,2.871200000000001,2.0,4.0
CHEMBL12658,COc1ccc(-c2coc3cc(OC)ccc3c2=O)cc1,inactive,2.4525945403325102,282.295,3.4772000000000025,0.0,4.0
CHEMBL242341,COc1ccc(-c2coc3cc(O)ccc3c2=O)cc1,inactive,2.698319050706424,268.268,3.1742000000000017,1.0,4.0
CHEMBL73930,COc1ccc(-c2cc(=O)c3c(OC)c(OC)c(OC)c(OC)c3o2)cc1,inactive,2.334606649720288,372.3730000000001,3.503000000000003,0.0,7.0
CHEMBL50,O=c1c(O)c(-c2ccc(O)c(O)c2)oc2cc(O)cc(O)c12,inactive,4.958607314841775,302.23800000000006,1.988,5.0,7.0
CHEMBL28,O=c1cc(-c2ccc(O)cc2)oc2cc(O)cc(O)c12,inactive,3.860120913598764,270.24,2.576800000000001,3.0,5.0
CHEMBL2377270,Oc1cc(O)c2c(c1)OC(c1ccccc1)C=C2,inactive,4.478861916295964,240.258,3.244700000000001,2.0,3.0
CHEMBL486009,COc1cc(O)c(C(=O)CCc2ccccc2)c(O)c1,inactive,3.0096611452123985,272.29999999999995,2.921900000000001,2.0,4.0
CHEMBL492166,COc1cc(O)c(C(=O)CCc2ccccc2)c(OC)c1,inactive,2.77780395369828,286.327,3.2249000000000017,1.0,4.0
CHEMBL104255,COc1cc(O)c(C(=O)/C=C/c2ccccc2)c(OC)c1,inactive,2.913640169325252,284.31100000000004,3.305500000000001,1.0,4.0
CHEMBL2377166,Oc1cc(O)c2c(c1)OC(c1ccc(O)c(O)c1)C=C2,inactive,5.354577730650908,272.256,2.655900000000001,4.0,5.0
CHEMBL2377165,Oc1cc2c(c(O)c1O)C=CC(c1ccccc1)O2,inactive,4.655607726314889,256.257,2.950300000000002,3.0,4.0
CHEMBL2377164,Oc1ccc(C2=COc3c(ccc(O)c3O)C2)cc1,active,6.070581074285707,256.257,2.7794000000000016,3.0,4.0
CHEMBL2377163,COc1ccc(C2=COc3cc(O)ccc3C2)cc1,inactive,4.064492734175287,254.285,3.376800000000002,1.0,3.0
CHEMBL2377162,COc1ccc(C2COc3cc(OC)ccc3C2)cc1,inactive,2.748848656824645,270.328,3.422500000000002,0.0,3.0
CHEMBL453016,COc1ccc(C2COc3cc(O)ccc3C2)cc1,inactive,3.446116973356125,256.301,3.1195000000000013,1.0,3.0
CHEMBL1957037,Oc1ccc(C2COc3cc(O)ccc3C2)cc1,inactive,4.031984286006359,242.274,2.8165000000000004,2.0,3.0
CHEMBL2377161,COc1ccc(C2COc3cc(OC)ccc3C2O)cc1,inactive,2.4126258279269344,286.327,2.913400000000001,1.0,4.0
CHEMBL2377160,COc1ccc(C(C)C(=O)c2ccc(OC)cc2O)cc1,inactive,2.661942124580244,286.327,3.395800000000002,1.0,4.0
CHEMBL1373918,COc1ccc(C(C)C(=O)c2ccc(O)cc2O)cc1,inactive,2.9788107009300617,272.3,3.092800000000002,2.0,4.0
CHEMBL2377159,COc1ccc(C2=CCc3c(OC)c(OC)c(OC)c(OC)c3O2)cc1,inactive,2.421246215573565,358.3900000000001,3.705600000000003,0.0,6.0
CHEMBL2377158,COc1ccc(C2C=Cc3c(OC)c(OC)c(OC)c(OC)c3O2)cc1,inactive,2.3796557002455065,358.3900000000001,3.8765000000000027,0.0,6.0
CHEMBL2377157,COc1ccc(C2CC(O)c3c(OC)c(OC)c(OC)c(OC)c3O2)cc1,inactive,2.3139897086847143,376.40500000000014,3.286800000000002,1.0,7.0
CHEMBL337309,O=C1c2c(O)cc(O)cc2OC(c2ccc(O)c(O)c2)C1O,inactive,4.359518563029578,304.25399999999996,1.1862999999999995,5.0,7.0
CHEMBL32571,O=C1CC(c2ccc(O)cc2)Oc2cc(O)cc(O)c21,inactive,3.484126156288321,272.25600000000003,2.5099000000000014,3.0,5.0
CHEMBL2425482,O=C(CC(O)c1cc(Cl)cc(Cl)c1O)NO,inactive,5.050609993355087,266.08,1.6279000000000001,4.0,4.0
CHEMBL2425480,O=C(CC(O)c1cc(Cl)ccc1O)NO,inactive,4.94692155651658,231.63500000000002,0.9744999999999999,4.0,4.0
CHEMBL2425479,O=C(CC(O)c1ccc(Cl)c(Cl)c1)NO,inactive,5.847711655616943,250.081,1.9223,3.0,3.0
CHEMBL2425478,O=C(CC(O)c1cccc(Cl)c1Cl)NO,active,6.040958607678906,250.081,1.9223,3.0,3.0
CHEMBL2425471,O=C(CC(O)c1cccc(C(F)(F)F)c1)NO,inactive,5.166852888087215,249.18799999999996,1.6342999999999996,3.0,3.0
CHEMBL2425470,O=C(CC(O)c1cccc(F)c1)NO,inactive,4.876148359032914,199.18099999999998,0.7545999999999999,3.0,3.0
CHEMBL2425469,O=C(CC(O)c1cccc(Cl)c1)NO,active,6.443697499232712,215.636,1.2689,3.0,3.0
CHEMBL2425465,O=C(CC(O)c1ccccc1Cl)NO,inactive,5.035740369803151,215.636,1.2689,3.0,3.0
CHEMBL2425483,CN(C)c1ccc(C(=O)NO)cc1,inactive,4.108462542327436,180.207,0.8715999999999998,2.0,3.0
CHEMBL2425481,COc1ccc(F)cc1C(O)CC(=O)NO,inactive,4.958607314841775,229.207,0.7632000000000001,3.0,4.0
CHEMBL2425477,CN(C)c1ccc(C(O)CC(=O)NO)cc1,inactive,5.146910470148135,224.25999999999996,0.6814999999999998,3.0,4.0
CHEMBL2425476,O=C(CC(O)c1ccc(C(F)(F)F)cc1)NO,inactive,5.102922996790579,249.188,1.6342999999999999,3.0,3.0
CHEMBL2425475,O=C(CC(O)c1ccc(F)cc1)NO,inactive,5.096367483915762,199.181,0.7545999999999999,3.0,3.0
CHEMBL2425474,O=C(CC(O)c1ccc(Cl)cc1)NO,inactive,5.4698003017969175,215.636,1.2688999999999997,3.0,3.0
CHEMBL2425473,O=C(CC(O)c1ccc(OCc2ccccc2)cc1)NO,inactive,4.211124884224583,287.315,2.1944999999999997,3.0,4.0
CHEMBL2425472,COc1ccc(C(O)CC(=O)NO)cc1,inactive,4.124360062995832,211.217,0.6240999999999999,3.0,4.0
CHEMBL2425468,COc1cccc(C(O)CC(=O)NO)c1,inactive,4.634512015109101,211.21699999999998,0.6240999999999999,3.0,4.0
CHEMBL2425467,O=C(CC(O)c1cccc(O)c1)NO,inactive,3.882728704344236,197.19,0.32109999999999994,4.0,4.0
CHEMBL2425466,O=C(CC(O)c1ccccc1F)NO,inactive,5.251811972993799,199.18099999999998,0.7545999999999999,3.0,3.0
CHEMBL2425464,COc1ccccc1C(O)CC(=O)NO,inactive,4.414539270491499,211.21699999999998,0.6240999999999999,3.0,4.0
CHEMBL2425463,O=C(CC(O)c1ccccc1)NO,inactive,4.806875401645538,181.191,0.6154999999999999,3.0,3.0
CHEMBL3594254,O=[N+]([O-])c1cccc(NCc2ccc(O)c(O)c2)c1,inactive,5.021363051615525,260.24899999999997,2.618100000000001,3.0,5.0
CHEMBL3594253,O=[N+]([O-])c1ccc(CNc2ccc([N+](=O)[O-])cc2)cc1,inactive,3.898940645091885,273.248,3.115100000000001,1.0,5.0
CHEMBL3594252,O=[N+]([O-])c1ccc(NCc2ccc(Cl)cc2)cc1,inactive,4.076755981369724,262.696,3.8603000000000023,1.0,3.0
CHEMBL3594251,O=[N+]([O-])c1ccc(NCc2ccc(O)cc2)cc1,inactive,4.55129368009492,244.25000000000003,2.9125000000000005,2.0,4.0
CHEMBL3594250,O=[N+]([O-])c1ccc(NCc2ccc(O)c(O)c2)cc1,inactive,5.71669877129645,260.249,2.618100000000001,3.0,5.0
CHEMBL3593638,COc1ccc(NCc2cccc([N+](=O)[O-])c2)cc1,inactive,3.4959371173213083,258.277,3.2155000000000014,1.0,4.0
CHEMBL3593637,COc1ccc(NCc2ccc(Cl)cc2)cc1,inactive,3.3010299956639813,247.72500000000002,3.960700000000002,1.0,2.0
CHEMBL3594268,COc1ccc(NCc2ccc(N(C)C)cc2)cc1,inactive,3.3010299956639813,256.349,3.373300000000002,1.0,3.0
CHEMBL3594267,O=[N+]([O-])c1cccc(CNc2cccc(Cl)c2)c1,inactive,3.3868984830330877,262.69599999999997,3.8603000000000023,1.0,3.0
CHEMBL3594266,O=[N+]([O-])c1ccc(CNc2cccc(Cl)c2)cc1,inactive,3.6261688549261697,262.696,3.8603000000000023,1.0,3.0
CHEMBL3594265,O=[N+]([O-])c1ccccc1CNc1ccc(Cl)cc1,inactive,3.6221475809932455,262.69599999999997,3.8603000000000023,1.0,3.0
CHEMBL3594264,CN(C)c1ccc(CNc2ccc(Cl)cc2)cc1,inactive,3.3010299956639813,260.768,4.018100000000002,1.0,2.0
CHEMBL3594263,Clc1ccc(NCc2ccc3c(c2)OCO3)cc1,inactive,3.3010299956639813,261.70799999999997,3.6808000000000023,1.0,3.0
CHEMBL3594262,COc1ccc(CNc2ccc(Cl)cc2)cc1OC,inactive,3.3010299956639813,277.75100000000003,3.969300000000003,1.0,3.0
CHEMBL3594261,O=[N+]([O-])c1ccccc1NCc1ccc(O)c(O)c1,inactive,4.345823458122039,260.24899999999997,2.618100000000001,3.0,5.0
CHEMBL3594260,O=[N+]([O-])c1cccc(CNc2cccc([N+](=O)[O-])c2)c1,inactive,4.070581074285707,273.248,3.115100000000001,1.0,5.0
CHEMBL3594259,O=[N+]([O-])c1ccc(CNc2cccc([N+](=O)[O-])c2)cc1,inactive,4.187755303199631,273.248,3.115100000000001,1.0,5.0
CHEMBL3594258,O=[N+]([O-])c1cccc(NCc2ccc(Cl)cc2)c1,inactive,4.2403321553103694,262.69599999999997,3.8603000000000023,1.0,3.0
CHEMBL3594257,CN(C)c1ccc(CNc2cccc([N+](=O)[O-])c2)cc1,inactive,4.774690718274137,271.32,3.2729000000000017,1.0,4.0
CHEMBL3594256,O=[N+]([O-])c1cccc(NCc2ccc3c(c2)OCO3)c1,inactive,4.882728704344236,272.26,2.935600000000001,1.0,5.0
CHEMBL3594255,COc1ccc(CNc2cccc([N+](=O)[O-])c2)cc1OC,inactive,4.297569463554475,288.30300000000005,3.224100000000001,1.0,5.0
CHEMBL3601582,O=C1OCC(O)=C1c1ccccc1,inactive,4.050609993355087,176.171,1.5125,1.0,3.0
CHEMBL3601583,O=C1OCC(O)=C1c1ccccc1F,inactive,4.1249387366083,194.16099999999997,1.6516,1.0,3.0
CHEMBL3601584,O=C1OCC(O)=C1c1ccccc1Cl,inactive,4.167491087293763,210.61599999999999,2.1659000000000006,1.0,3.0
CHEMBL3601585,Cc1ccccc1C1=C(O)COC1=O,inactive,4.187086643357144,190.19799999999998,1.82092,1.0,3.0
CHEMBL3601586,O=C1OCC(O)=C1c1ccccc1OCc1ccccc1,inactive,4.301029995663981,282.29499999999996,3.0915000000000017,1.0,4.0
CHEMBL3601587,O=C1OCC(O)=C1c1cccc(F)c1,inactive,4.207608310501746,194.16099999999997,1.6516,1.0,3.0
CHEMBL3601588,O=C1OCC(O)=C1c1cccc(Cl)c1,inactive,4.343901797987168,210.61599999999999,2.1658999999999997,1.0,3.0
CHEMBL3601589,O=C1OCC(O)=C1c1cccc(Br)c1,inactive,4.087246696328677,255.06699999999998,2.2750000000000004,1.0,3.0
CHEMBL3601590,Cc1cccc(C2=C(O)COC2=O)c1,inactive,4.507239610973162,190.19799999999998,1.8209199999999999,1.0,3.0
CHEMBL3601591,O=C1OCC(O)=C1c1cccc(C(F)(F)F)c1,inactive,4.191114132640188,244.16799999999995,2.5313000000000008,1.0,3.0
CHEMBL3601592,O=C1OCC(O)=C1c1cccc(OCc2ccccc2)c1,inactive,4.110698297493689,282.29499999999996,3.0915000000000017,1.0,4.0
CHEMBL3601593,O=C1OCC(O)=C1c1ccc(F)cc1,inactive,4.391473966422806,194.16099999999997,1.6516000000000002,1.0,3.0
CHEMBL3601594,O=C1OCC(O)=C1c1ccc(Cl)cc1,inactive,4.0,210.61599999999999,2.1659000000000006,1.0,3.0
CHEMBL3601595,O=C1OCC(O)=C1c1ccc(Br)cc1,inactive,4.0,255.06699999999998,2.2750000000000004,1.0,3.0
CHEMBL3601596,Cc1ccc(C2=C(O)COC2=O)cc1,inactive,4.0,190.198,1.82092,1.0,3.0
CHEMBL3601616,O=C1OCC(O)=C1c1ccc(OCc2ccccc2)cc1,inactive,4.978810700930062,282.29499999999996,3.0915000000000017,1.0,4.0
CHEMBL3601617,O=C1OCC(O)=C1c1ccc(Cl)c(Cl)c1,inactive,4.0,245.06099999999998,2.819300000000001,1.0,3.0
CHEMBL3601618,COc1ccc(C2=C(O)COC2=O)cc1OC,inactive,4.437707135543525,236.22299999999996,1.5296999999999998,1.0,5.0
CHEMBL3601619,CCOc1ccc(C2=C(O)COC2=O)cc1OCC,inactive,4.037630664329979,264.27699999999993,2.3099,1.0,5.0
CHEMBL3601620,O=C1OCC(O)=C1c1ccc(Cl)cc1Cl,inactive,4.0,245.06099999999998,2.819300000000001,1.0,3.0
CHEMBL4177368,O=C(CNc1ccc(Cl)c(Cl)c1)NO,inactive,4.380906669373257,235.07000000000002,1.9106999999999998,3.0,3.0
CHEMBL4173599,O=C(CNc1cccc(Br)c1)NO,inactive,4.317854923626168,245.076,1.3663999999999998,3.0,3.0
CHEMBL4176964,O=C(CNc1cc(Cl)cc(Cl)c1)NO,inactive,4.772113295386326,235.07000000000002,1.9106999999999998,3.0,3.0
CHEMBL4167553,O=C(CCNc1cc(Cl)cc(Cl)c1)NO,inactive,5.4089353929735005,249.097,2.3007999999999997,3.0,3.0
CHEMBL4162915,O=C(CCNc1ccccc1Cl)NO,inactive,5.228412519118745,214.652,1.6473999999999998,3.0,3.0
CHEMBL4170188,O=C(CCNc1ccc(F)cc1)NO,inactive,4.747146969020107,198.197,1.1330999999999998,3.0,3.0
CHEMBL4159556,O=C(CCNc1ccccc1Br)NO,inactive,4.838631997765025,259.10299999999995,1.7565,3.0,3.0
CHEMBL4169795,O=C(CCNc1cc(Cl)ccc1Cl)NO,inactive,4.530177984021837,249.097,2.3007999999999997,3.0,3.0
CHEMBL4176993,O=C(CCNc1ccc(Cl)c(Cl)c1)NO,inactive,4.410050398674292,249.097,2.3007999999999997,3.0,3.0
CHEMBL4172924,O=C(CCNc1ccc(Cl)cc1Cl)NO,active,6.853871964321762,249.097,2.3007999999999997,3.0,3.0
CHEMBL4165823,O=C(CNc1ccc(F)cc1)NO,inactive,5.130181792020672,184.17000000000002,0.7430000000000001,3.0,3.0
CHEMBL4176109,Cc1cc(C)cc(NCC(=O)NO)c1,inactive,5.673664139071248,194.234,1.2207399999999997,3.0,3.0
CHEMBL4163886,COc1ccccc1NCC(=O)NO,inactive,3.8181564120552274,196.206,0.6124999999999998,3.0,4.0
CHEMBL4161538,COc1cccc(NCC(=O)NO)c1,inactive,4.661344334421299,196.20600000000002,0.6125,3.0,4.0
CHEMBL4163847,COc1cc(NCC(=O)NO)cc(OC)c1,inactive,5.642065152999546,226.232,0.6210999999999994,3.0,5.0
CHEMBL4171725,O=C(CNc1cccc(Cl)c1Cl)NO,inactive,4.8297382846050425,235.07,1.9107,3.0,3.0
CHEMBL4166733,O=C(CNc1ccc(Cl)cc1Cl)NO,inactive,4.179798540514359,235.07000000000002,1.9107,3.0,3.0
CHEMBL4170147,O=C(CNc1cccc(Cl)c1)NO,inactive,5.939302159646388,200.625,1.2572999999999999,3.0,3.0
CHEMBL4162234,O=C(CNc1ccc(Cl)cc1)NO,inactive,5.607303046740334,200.62500000000003,1.2572999999999999,3.0,3.0
CHEMBL4165682,O=C(CNc1ccc(Br)cc1)NO,inactive,5.696803942579511,245.076,1.3664,3.0,3.0
CHEMBL4169105,O=C(CNc1cccc([N+](=O)[O-])c1)NO,inactive,5.085656842880559,211.177,0.5121,3.0,5.0
CHEMBL4161835,O=C(CNc1cc(Cl)ccc1Cl)NO,inactive,5.785156151952302,235.07000000000002,1.9107,3.0,3.0
CHEMBL4172484,O=C(CNc1ccccc1)NO,inactive,5.330683119433888,166.18,0.6038999999999999,3.0,3.0
CHEMBL4172409,O=C(CNc1c(Cl)cccc1Cl)NO,inactive,3.718966632752272,235.07000000000005,1.9107,3.0,3.0
CHEMBL4164528,O=C(CNc1cc(F)cc(F)c1)NO,inactive,5.291579099865287,202.16,0.8821000000000001,3.0,3.0
CHEMBL4175821,Cc1ccc(NCC(=O)NO)cc1,inactive,5.407823242604133,180.20700000000002,0.91232,3.0,3.0
CHEMBL4167961,COc1ccc(NCC(=O)NO)cc1,inactive,4.156144577376839,196.20600000000002,0.6124999999999998,3.0,4.0
CHEMBL4160701,O=C(CNc1ccccc1Cl)NO,inactive,4.229884705212898,200.625,1.2572999999999999,3.0,3.0
CHEMBL4171297,O=C(CNc1ccccc1Br)NO,inactive,4.910094888560602,245.076,1.3663999999999998,3.0,3.0
CHEMBL4164106,O=C(CN1CCCc2ccccc21)NO,inactive,4.148130399270234,206.24500000000003,0.9445999999999999,2.0,3.0
CHEMBL4159630,O=C(CCNc1ccccc1)NO,inactive,5.913640169325252,180.207,0.9939999999999998,3.0,3.0
CHEMBL4173629,COc1ccccc1NCCC(=O)NO,inactive,5.785156151952302,210.23299999999998,1.0025999999999997,3.0,4.0
CHEMBL4161873,Cc1cc(C)cc(NCCC(=O)NO)c1,inactive,5.533132379645891,208.261,1.6108399999999998,3.0,3.0
CHEMBL4166373,O=C(CCNc1c(Cl)cccc1Cl)NO,inactive,4.6020599913279625,249.097,2.3007999999999997,3.0,3.0
CHEMBL4168720,O=C(CCNc1ccc([N+](=O)[O-])cc1)NO,inactive,5.910094888560602,225.20399999999998,0.9021999999999999,3.0,5.0
CHEMBL4176586,O=C(CCNc1cccc([N+](=O)[O-])c1)NO,inactive,5.292429823902063,225.20399999999998,0.9021999999999999,3.0,5.0
CHEMBL4162250,O=C(CCNc1ccccc1[N+](=O)[O-])NO,inactive,4.9775716288145135,225.20399999999998,0.9021999999999999,3.0,5.0
CHEMBL4177391,O=C(CCNc1cccc(Cl)c1Cl)NO,inactive,5.416801226031377,249.09699999999998,2.3007999999999997,3.0,3.0
CHEMBL4169528,O=C(CCNc1cc(F)cc(F)c1)NO,inactive,5.818156412055227,216.187,1.2721999999999998,3.0,3.0
CHEMBL4169118,O=C(CCN1CCCc2ccccc21)NO,inactive,4.675100502947687,220.27200000000005,1.3347,2.0,3.0
CHEMBL4251246,O=C(CCOc1ccc(Cl)cc1)NO,inactive,5.086186147616283,215.636,1.6142999999999998,2.0,3.0
CHEMBL4241971,O=C(CCOc1ccc(Br)cc1)NO,inactive,4.787812395596042,260.087,1.7233999999999998,2.0,3.0
CHEMBL4243350,O=C(CCOc1ccc(Cl)c(Cl)c1)NO,active,6.050609993355087,250.081,2.2676999999999996,2.0,3.0
CHEMBL4245850,O=C(COc1ccc(Cl)c(Cl)c1)NO,inactive,4.892790030352131,236.054,1.8775999999999995,2.0,3.0
CHEMBL2094349,O=C(COc1ccc(Cl)cc1Cl)NO,inactive,4.669586226650809,236.054,1.8776,2.0,3.0
CHEMBL4239073,O=C(CCOc1cc(Cl)ccc1Cl)NO,inactive,4.882728704344236,250.08100000000002,2.2677,2.0,3.0
CHEMBL4250425,O=C(CCOc1cc(F)cc(F)c1)NO,inactive,5.293282217663241,217.171,1.2390999999999999,2.0,3.0
CHEMBL4248626,O=C(CCOc1cccc(Cl)c1)NO,inactive,5.910094888560602,215.636,1.6142999999999998,2.0,3.0
CHEMBL4247924,O=C(CCOc1cccc(F)c1)NO,inactive,5.688246138944246,199.18099999999998,1.0999999999999999,2.0,3.0
CHEMBL4250256,O=C(CCOc1ccc(F)cc1)NO,inactive,5.94692155651658,199.181,1.0999999999999999,2.0,3.0
CHEMBL4239299,Cc1cc(C)cc(OCCC(=O)NO)c1,inactive,4.982966660701219,209.245,1.5777399999999997,2.0,3.0
CHEMBL4246522,COc1ccc(OCCC(=O)NO)cc1,inactive,5.078313524516398,211.217,0.9695,2.0,4.0
CHEMBL4240308,Cc1ccc(OCCC(=O)NO)cc1,inactive,5.860120913598763,195.21800000000005,1.26932,2.0,3.0
CHEMBL2360000,Cc1cccc(OCCC(=O)NO)c1,inactive,5.471083299722345,195.21800000000002,1.2693199999999998,2.0,3.0
CHEMBL4247132,Cc1ccccc1OCCC(=O)NO,inactive,5.17134010346468,195.218,1.2693199999999998,2.0,3.0
CHEMBL569423,O=C(CCOc1ccccc1)NO,inactive,5.3788237182249645,181.191,0.9608999999999999,2.0,3.0
CHEMBL4239124,O=C(COc1ccc([N+](=O)[O-])cc1)NO,inactive,4.20690839982342,212.161,0.47899999999999987,2.0,5.0
CHEMBL4239571,O=C(COc1cccc([N+](=O)[O-])c1)NO,inactive,4.023650020996726,212.16099999999997,0.47899999999999987,2.0,5.0
CHEMBL4249219,O=C(COc1ccccc1[N+](=O)[O-])NO,inactive,3.840733668906506,212.16099999999997,0.47899999999999976,2.0,5.0
CHEMBL4250127,O=C(COc1cc(F)cc(F)c1)NO,inactive,3.687399560738741,203.144,0.849,2.0,3.0
CHEMBL4246507,O=C(COc1cc(Cl)cc(Cl)c1)NO,inactive,5.492144128304169,236.054,1.8775999999999995,2.0,3.0
CHEMBL4242065,O=C(COc1c(Cl)cccc1Cl)NO,inactive,3.451979305094469,236.05400000000003,1.8776,2.0,3.0
CHEMBL4240691,O=C(COc1cc(Cl)ccc1Cl)NO,inactive,5.044793462458058,236.054,1.8776,2.0,3.0
CHEMBL4238560,O=C(COc1cccc(Cl)c1Cl)NO,inactive,3.747875447494356,236.054,1.8775999999999995,2.0,3.0
CHEMBL4242735,O=C(COc1ccccc1Cl)NO,inactive,4.105130343254747,201.60899999999998,1.2241999999999997,2.0,3.0
CHEMBL4245086,O=C(COc1cccc(Cl)c1)NO,inactive,4.982966660701219,201.609,1.2241999999999997,2.0,3.0
CHEMBL4248008,O=C(COc1ccc(Cl)cc1)NO,inactive,5.8996294548824375,201.609,1.2242,2.0,3.0
CHEMBL4245261,O=C(COc1ccccc1F)NO,inactive,3.915423722065669,185.15399999999997,0.7098999999999999,2.0,3.0
CHEMBL4250489,O=C(COc1cccc(F)c1)NO,inactive,4.568636235841013,185.154,0.7098999999999999,2.0,3.0
CHEMBL4245439,O=C(COc1ccc(F)cc1)NO,inactive,4.723538195826756,185.15400000000002,0.7098999999999999,2.0,3.0
CHEMBL4245720,O=C(COc1ccc(Br)cc1)NO,inactive,5.271646217978772,246.06,1.3332999999999997,2.0,3.0
CHEMBL4239970,Cc1cc(C)cc(OCC(=O)NO)c1,inactive,4.377785977033705,195.21800000000002,1.18764,2.0,3.0
CHEMBL4238717,COc1ccc(OCC(=O)NO)cc1,inactive,4.305394801066432,197.19000000000003,0.5793999999999999,2.0,4.0
CHEMBL4247495,Cc1ccc(OCC(=O)NO)cc1,inactive,4.243363891754152,181.19100000000003,0.8792199999999999,2.0,3.0
CHEMBL4245159,Cc1cccc(OCC(=O)NO)c1,inactive,4.070070439915412,181.19100000000003,0.8792199999999997,2.0,3.0
CHEMBL4246997,Cc1ccccc1OCC(=O)NO,inactive,3.8136087843045066,181.191,0.8792199999999999,2.0,3.0
CHEMBL569422,O=C(COc1ccccc1)NO,inactive,3.8820661649603583,167.164,0.5707999999999999,2.0,3.0
CHEMBL4590676,O=C(CC(O)c1cc(Cl)ccc1OCc1ccccc1)NO,active,6.823908740944319,321.76,2.8479,3.0,4.0
CHEMBL4568283,CN(O)C(=O)CC(O)c1cc(Cl)ccc1OCc1ccccc1,inactive,4.581698708680254,335.7870000000001,3.190100000000002,2.0,4.0
CHEMBL4469655,CN(O)C(=O)CC(O)c1cc(Cl)ccc1O,inactive,4.515700160653214,245.662,1.3167,3.0,4.0
CHEMBL4447735,COc1ccc(C(O)CC(=O)N(C)O)cc1OC,inactive,3.3925449767853317,255.26999999999998,0.9749,2.0,5.0
CHEMBL4476469,COc1cc(C(O)CC(=O)N(C)O)ccc1OCc1ccccc1,inactive,3.58838029403677,331.368,2.545300000000001,2.0,5.0
CHEMBL4531553,CN(O)C(=O)CC(O)c1ccc(OCc2ccccc2)c(OCc2ccccc2)c1,inactive,3.4248121550723387,407.4660000000001,4.115700000000004,2.0,5.0
CHEMBL4530689,CN(O)C(=O)CC(O)c1ccc(Cl)c(Cl)c1,inactive,4.043831569524636,264.108,2.2645,2.0,3.0
CHEMBL4579243,CN(O)C(=O)CC(O)c1c(Cl)cccc1Cl,inactive,4.108462542327436,264.108,2.2645,2.0,3.0
CHEMBL4545901,O=C(CC(O)c1ccc(Cl)cc1Cl)NO,inactive,4.872895201635193,250.081,1.9223,3.0,3.0
CHEMBL4472402,CN(O)C(=O)CC(O)c1ccc(Cl)cc1Cl,inactive,3.4353339357479107,264.108,2.264500000000001,2.0,3.0
CHEMBL4440368,CN(O)C(=O)CC(O)c1cccc(Cl)c1Cl,inactive,4.018634490921455,264.108,2.264500000000001,2.0,3.0
CHEMBL4534392,CN(O)C(=O)CC(O)c1ccc(OCc2ccccc2)cc1,inactive,3.703334809738469,301.342,2.5367000000000006,2.0,4.0
CHEMBL4437504,CN(O)C(=O)CC(O)c1ccc(N(C)C)cc1,inactive,3.542118103266008,238.287,1.0237,2.0,4.0
CHEMBL4454777,COc1ccc(C(O)CC(=O)N(C)O)cc1,inactive,3.484126156288321,225.244,0.9662999999999999,2.0,4.0
CHEMBL4461397,CN(O)C(=O)CC(O)c1ccc(Br)cc1,inactive,4.010550182333308,274.114,1.7202000000000002,2.0,3.0
CHEMBL4473012,CN(O)C(=O)CC(O)c1ccc(Cl)cc1,inactive,4.058488567365597,229.663,1.6111000000000002,2.0,3.0
CHEMBL4439781,CN(O)C(=O)CC(O)c1ccc(F)cc1,inactive,4.112382699664264,213.208,1.0968000000000002,2.0,3.0
CHEMBL4535418,COc1cccc(C(O)CC(=O)N(C)O)c1,inactive,4.049635145623877,225.24399999999997,0.9662999999999999,2.0,4.0
CHEMBL4470787,CN(O)C(=O)CC(O)c1cccc(Br)c1,inactive,4.106793246940152,274.11400000000003,1.7202000000000002,2.0,3.0
CHEMBL4516908,CN(O)C(=O)CC(O)c1cccc(Cl)c1,inactive,4.318758762624412,229.663,1.6111000000000002,2.0,3.0
CHEMBL4585313,CN(O)C(=O)CC(O)c1cccc(F)c1,inactive,4.147520006363144,213.208,1.0968000000000002,2.0,3.0
CHEMBL4539763,COc1ccccc1C(O)CC(=O)N(C)O,inactive,4.075720713938118,225.24399999999997,0.9662999999999999,2.0,4.0
CHEMBL4555761,CN(O)C(=O)CC(O)c1ccccc1Cl,inactive,4.247183568811729,229.663,1.6111000000000002,2.0,3.0
CHEMBL1219,COCCCOc1ccnc(C[S+]([O-])c2nc3ccccc3[nH]2)c1C,active,6.537602002101044,359.451,2.989420000000001,1.0,5.0
CHEMBL3655716,O=c1[nH][se]c2ccccc12,inactive,4.313363730737707,198.083,0.5851000000000002,1.0,1.0
CHEMBL51085,O=c1c2ccccc2[se]n1-c1ccccc1,inactive,4.161150909262744,274.181,2.0477,0.0,2.0
CHEMBL4469439,O=c1c2ccccc2[se]n1[C@H](CO)c1ccccc1,inactive,4.102372908709558,318.234,1.6401999999999999,1.0,3.0
CHEMBL4592440,CC(C)[C@@H](C(=O)O)n1[se]c2ccccc2c1=O,inactive,3.730487055782084,298.20000000000005,1.3401999999999998,1.0,3.0
CHEMBL4463967,CC(C)C[C@@H](C(=O)O)n1[se]c2ccccc2c1=O,inactive,3.521433504406157,312.22700000000003,1.7303,1.0,3.0
CHEMBL4520558,O=C(O)C[C@@H](C(=O)O)n1[se]c2ccccc2c1=O,inactive,3.4111682744057927,314.15500000000003,0.15889999999999954,2.0,4.0
CHEMBL4444989,O=C(O)CCCn1[se]c2ccccc2c1=O,inactive,3.987162775294828,284.17300000000006,0.9233,1.0,3.0
CHEMBL4089739,COC(=O)Cn1[se]c2ccccc2c1=O,inactive,3.9677842967020185,270.146,0.2314999999999997,0.0,4.0
CHEMBL4563587,COC(=O)[C@H](C)n1[se]c2ccccc2c1=O,inactive,4.1249387366083,284.17300000000006,0.7924999999999999,0.0,4.0
CHEMBL4563580,CCC(C)[C@@H](C(=O)OC)n1[se]c2ccccc2c1=O,inactive,4.017728766960431,326.254,1.8186999999999998,0.0,4.0
CHEMBL4444060,COC(=O)[C@H](CC(C)C)n1[se]c2ccccc2c1=O,inactive,3.896196279044043,326.254,1.8186999999999998,0.0,4.0
CHEMBL4469463,COC(=O)[C@@H](CC(C)C)n1[se]c2ccccc2c1=O,inactive,3.9172146296835497,326.254,1.8186999999999998,0.0,4.0
CHEMBL385817,O=C(Nc1ccccc1)c1ccccc1[Se][Se]c1ccccc1C(=O)Nc1ccccc1,inactive,4.060480747381382,550.3780000000002,3.4654000000000016,2.0,2.0
CHEMBL3747547,O=C(O)CNC(=O)c1ccccc1[Se][Se]c1ccccc1C(=O)NCC(=O)O,inactive,3.7878123955960414,514.2540000000002,-1.4103999999999979,4.0,4.0
CHEMBL3747132,C[C@H](NC(=O)c1ccccc1[Se][Se]c1ccccc1C(=O)N[C@@H](C)C(=O)O)C(=O)O,inactive,4.070581074285707,542.3080000000002,-0.6333999999999984,4.0,4.0
CHEMBL4524305,C[C@H](c1ccccc1)n1[se]c2ccccc2c1=O,inactive,4.596879478824183,302.235,2.6678000000000006,0.0,2.0
CHEMBL4534596,C[C@@H](C(=O)O)n1[se]c2ccccc2c1=O,inactive,3.707743928643524,270.146,0.7041,1.0,3.0
CHEMBL4552531,O=C(O)CCn1[se]c2ccccc2c1=O,inactive,4.42021640338319,270.146,0.5331999999999999,1.0,3.0
CHEMBL4539240,CCC(CO)NC(=O)c1ccccc1[Se][Se]c1ccccc1C(=O)NC(CC)CO,inactive,3.96657624451305,542.3960000000002,-0.037799999999998,4.0,4.0
CHEMBL4461450,O=C(O)CCCNC(=O)c1ccccc1[Se][Se]c1ccccc1C(=O)NCCCC(=O)O,inactive,4.450996737974212,570.3620000000002,0.15000000000000074,4.0,4.0
CHEMBL4471428,COC(=O)CNC(=O)c1ccccc1[Se][Se]c1ccccc1C(=O)NCC(=O)OC,inactive,4.070581074285707,542.3080000000001,-1.2335999999999967,2.0,6.0
CHEMBL4575318,COC(=O)CCCNC(=O)c1ccccc1[Se][Se]c1ccccc1C(=O)NCCCC(=O)OC,inactive,4.696803942579511,598.416,0.3268000000000011,2.0,6.0
CHEMBL1976884,O=C(O)c1ccccc1[Se][Se]c1ccccc1C(=O)O,inactive,3.100179497572904,400.1500000000001,0.3571999999999997,2.0,2.0
