activity_comment,activity_id,activity_properties,assay_chembl_id,assay_description,assay_type,assay_variant_accession,assay_variant_mutation,bao_endpoint,bao_format,bao_label,canonical_smiles,data_validity_comment,data_validity_description,document_chembl_id,document_journal,document_year,ligand_efficiency,molecule_chembl_id,molecule_pref_name,parent_molecule_chembl_id,pchembl_value,potential_duplicate,qudt_units,record_id,relation,src_id,standard_flag,standard_relation,standard_text_value,standard_type,standard_units,standard_upper_value,standard_value,target_chembl_id,target_organism,target_pref_name,target_tax_id,text_value,toid,type,units,uo_units,upper_value,value
,19370426,[],CHEMBL4424772,Inhibition of bacterial urease using urea as substrate preincubated for 15 mins followed by substrate addition by ELISA,B,,,BAO_0000190,BAO_0000223,protein complex format,CC(=O)NO,,,CHEMBL4422682,Bioorg Med Chem,2019,"{'bei': '60.41', 'le': '1.24', 'lle': '5.02', 'sei': '9.19'}",CHEMBL734,ACETOHYDROXAMIC ACID,CHEMBL734,4.54,0,http://www.openphacts.org/units/Nanomolar,3242133,=,1,1,=,,IC50,nM,,29200.0,CHEMBL2364683,Bacteria,Bacterial urease,2,,,IC50,uM,UO_0000065,,29.2
Not Active,19370427,[],CHEMBL4424772,Inhibition of bacterial urease using urea as substrate preincubated for 15 mins followed by substrate addition by ELISA,B,,,BAO_0000190,BAO_0000223,protein complex format,CCCCS(=O)(=O)NN=C(c1ccccc1)c1ccccc1,,,CHEMBL4422682,Bioorg Med Chem,2019,,CHEMBL4586799,,CHEMBL4586799,,0,,3242132,,1,0,,,IC50,,,,CHEMBL2364683,Bacteria,Bacterial urease,2,,,IC50,,,,
,19370428,[],CHEMBL4424772,Inhibition of bacterial urease using urea as substrate preincubated for 15 mins followed by substrate addition by ELISA,B,,,BAO_0000190,BAO_0000223,protein complex format,CN(C)c1cccc2c(S(=O)(=O)NN=C(c3ccccc3)c3ccccc3)cccc12,,,CHEMBL4422682,Bioorg Med Chem,2019,"{'bei': '9.64', 'le': '0.18', 'lle': '-0.50', 'sei': '6.70'}",CHEMBL4525654,,CHEMBL4525654,4.14,0,http://www.openphacts.org/units/Nanomolar,3242131,=,1,1,=,,IC50,nM,,72190.0,CHEMBL2364683,Bacteria,Bacterial urease,2,,,IC50,uM,UO_0000065,,72.19
Not Active,19370429,[],CHEMBL4424772,Inhibition of bacterial urease using urea as substrate preincubated for 15 mins followed by substrate addition by ELISA,B,,,BAO_0000190,BAO_0000223,protein complex format,O=S(=O)(NN=C(c1ccccc1)c1ccccc1)c1ccc2ccccc2c1,,,CHEMBL4422682,Bioorg Med Chem,2019,,CHEMBL4527574,,CHEMBL4527574,,0,,3242130,,1,0,,,IC50,,,,CHEMBL2364683,Bacteria,Bacterial urease,2,,,IC50,,,,
Not Active,19370430,[],CHEMBL4424772,Inhibition of bacterial urease using urea as substrate preincubated for 15 mins followed by substrate addition by ELISA,B,,,BAO_0000190,BAO_0000223,protein complex format,COc1ccc(S(=O)(=O)NN=C(c2ccccc2)c2ccccc2)c(OC)c1,,,CHEMBL4422682,Bioorg Med Chem,2019,,CHEMBL4456477,,CHEMBL4456477,,0,,3242129,,1,0,,,IC50,,,,CHEMBL2364683,Bacteria,Bacterial urease,2,,,IC50,,,,
Not Active,19370431,[],CHEMBL4424772,Inhibition of bacterial urease using urea as substrate preincubated for 15 mins followed by substrate addition by ELISA,B,,,BAO_0000190,BAO_0000223,protein complex format,COc1ccc(S(=O)(=O)NN=C(c2ccccc2)c2ccccc2)cc1,,,CHEMBL4422682,Bioorg Med Chem,2019,,CHEMBL4559792,,CHEMBL4559792,,0,,3242128,,1,0,,,IC50,,,,CHEMBL2364683,Bacteria,Bacterial urease,2,,,IC50,,,,
,19370432,[],CHEMBL4424772,Inhibition of bacterial urease using urea as substrate preincubated for 15 mins followed by substrate addition by ELISA,B,,,BAO_0000190,BAO_0000223,protein complex format,O=S(=O)(NN=C(c1ccccc1)c1ccccc1)c1cc(Cl)cc(Cl)c1O,,,CHEMBL4422682,Bioorg Med Chem,2019,"{'bei': '9.84', 'le': '0.21', 'lle': '-0.29', 'sei': '5.26'}",CHEMBL4443209,,CHEMBL4443209,4.14,0,http://www.openphacts.org/units/Nanomolar,3242127,=,1,1,=,,IC50,nM,,71630.0,CHEMBL2364683,Bacteria,Bacterial urease,2,,,IC50,uM,UO_0000065,,71.63
Not Active,19370433,[],CHEMBL4424772,Inhibition of bacterial urease using urea as substrate preincubated for 15 mins followed by substrate addition by ELISA,B,,,BAO_0000190,BAO_0000223,protein complex format,O=[N+]([O-])c1cc(S(=O)(=O)NN=C(c2ccccc2)c2ccccc2)ccc1Cl,,,CHEMBL4422682,Bioorg Med Chem,2019,,CHEMBL4460764,,CHEMBL4460764,,0,,3242126,,1,0,,,IC50,,,,CHEMBL2364683,Bacteria,Bacterial urease,2,,,IC50,,,,
,19370434,[],CHEMBL4424772,Inhibition of bacterial urease using urea as substrate preincubated for 15 mins followed by substrate addition by ELISA,B,,,BAO_0000190,BAO_0000223,protein complex format,O=[N+]([O-])c1ccc(S(=O)(=O)NN=C(c2ccccc2)c2ccccc2)c([N+](=O)[O-])c1,,,CHEMBL4422682,Bioorg Med Chem,2019,"{'bei': '9.76', 'le': '0.19', 'lle': '0.93', 'sei': '2.87'}",CHEMBL4536222,,CHEMBL4536222,4.16,0,http://www.openphacts.org/units/Nanomolar,3242125,=,1,1,=,,IC50,nM,,68990.0,CHEMBL2364683,Bacteria,Bacterial urease,2,,,IC50,uM,UO_0000065,,68.99
,19370435,[],CHEMBL4424772,Inhibition of bacterial urease using urea as substrate preincubated for 15 mins followed by substrate addition by ELISA,B,,,BAO_0000190,BAO_0000223,protein complex format,Cc1ccc([N+](=O)[O-])cc1S(=O)(=O)NN=C(c1ccccc1)c1ccccc1,,,CHEMBL4422682,Bioorg Med Chem,2019,"{'bei': '10.52', 'le': '0.20', 'lle': '0.53', 'sei': '4.09'}",CHEMBL4555860,,CHEMBL4555860,4.16,0,http://www.openphacts.org/units/Nanomolar,3242124,=,1,1,=,,IC50,nM,,68990.0,CHEMBL2364683,Bacteria,Bacterial urease,2,,,IC50,uM,UO_0000065,,68.99
Not Active,19370436,[],CHEMBL4424772,Inhibition of bacterial urease using urea as substrate preincubated for 15 mins followed by substrate addition by ELISA,B,,,BAO_0000190,BAO_0000223,protein complex format,O=[N+]([O-])c1cccc(S(=O)(=O)NN=C(c2ccccc2)c2ccccc2)c1Cl,,,CHEMBL4422682,Bioorg Med Chem,2019,,CHEMBL4513502,,CHEMBL4513502,,0,,3242123,,1,0,,,IC50,,,,CHEMBL2364683,Bacteria,Bacterial urease,2,,,IC50,,,,
Not Active,19370437,[],CHEMBL4424772,Inhibition of bacterial urease using urea as substrate preincubated for 15 mins followed by substrate addition by ELISA,B,,,BAO_0000190,BAO_0000223,protein complex format,O=[N+]([O-])c1ccc(S(=O)(=O)NN=C(c2ccccc2)c2ccccc2)cc1,,,CHEMBL4422682,Bioorg Med Chem,2019,,CHEMBL4455453,,CHEMBL4455453,,0,,3242122,,1,0,,,IC50,,,,CHEMBL2364683,Bacteria,Bacterial urease,2,,,IC50,,,,
Not Active,19370438,[],CHEMBL4424772,Inhibition of bacterial urease using urea as substrate preincubated for 15 mins followed by substrate addition by ELISA,B,,,BAO_0000190,BAO_0000223,protein complex format,O=[N+]([O-])c1cccc(S(=O)(=O)NN=C(c2ccccc2)c2ccccc2)c1,,,CHEMBL4422682,Bioorg Med Chem,2019,,CHEMBL4529004,,CHEMBL4529004,,0,,3242121,,1,0,,,IC50,,,,CHEMBL2364683,Bacteria,Bacterial urease,2,,,IC50,,,,
Not Active,19370439,[],CHEMBL4424772,Inhibition of bacterial urease using urea as substrate preincubated for 15 mins followed by substrate addition by ELISA,B,,,BAO_0000190,BAO_0000223,protein complex format,O=[N+]([O-])c1ccccc1S(=O)(=O)NN=C(c1ccccc1)c1ccccc1,,,CHEMBL4422682,Bioorg Med Chem,2019,,CHEMBL4518782,,CHEMBL4518782,,0,,3242120,,1,0,,,IC50,,,,CHEMBL2364683,Bacteria,Bacterial urease,2,,,IC50,,,,
Not Active,19370440,[],CHEMBL4424772,Inhibition of bacterial urease using urea as substrate preincubated for 15 mins followed by substrate addition by ELISA,B,,,BAO_0000190,BAO_0000223,protein complex format,O=S(=O)(NN=C(c1ccccc1)c1ccccc1)c1ccc(Cl)cc1Cl,,,CHEMBL4422682,Bioorg Med Chem,2019,,CHEMBL4559205,,CHEMBL4559205,,0,,3242119,,1,0,,,IC50,,,,CHEMBL2364683,Bacteria,Bacterial urease,2,,,IC50,,,,
Not Active,19370441,[],CHEMBL4424772,Inhibition of bacterial urease using urea as substrate preincubated for 15 mins followed by substrate addition by ELISA,B,,,BAO_0000190,BAO_0000223,protein complex format,O=S(=O)(NN=C(c1ccccc1)c1ccccc1)c1cc(Cl)c(Cl)cc1Cl,,,CHEMBL4422682,Bioorg Med Chem,2019,,CHEMBL4464561,,CHEMBL4464561,,0,,3242118,,1,0,,,IC50,,,,CHEMBL2364683,Bacteria,Bacterial urease,2,,,IC50,,,,
,19370442,[],CHEMBL4424772,Inhibition of bacterial urease using urea as substrate preincubated for 15 mins followed by substrate addition by ELISA,B,,,BAO_0000190,BAO_0000223,protein complex format,O=S(=O)(NN=C(c1ccccc1)c1ccccc1)c1ccc(Cl)cc1,,,CHEMBL4422682,Bioorg Med Chem,2019,"{'bei': '11.27', 'le': '0.23', 'lle': '0.11', 'sei': '7.14'}",CHEMBL4574235,,CHEMBL4574235,4.18,0,http://www.openphacts.org/units/Nanomolar,3242117,=,1,1,=,,IC50,nM,,66100.0,CHEMBL2364683,Bacteria,Bacterial urease,2,,,IC50,uM,UO_0000065,,66.1
Not Active,19370443,[],CHEMBL4424772,Inhibition of bacterial urease using urea as substrate preincubated for 15 mins followed by substrate addition by ELISA,B,,,BAO_0000190,BAO_0000223,protein complex format,Cc1cc(S(=O)(=O)NN=C(c2ccccc2)c2ccccc2)c(C)cc1Cl,,,CHEMBL4422682,Bioorg Med Chem,2019,,CHEMBL4470837,,CHEMBL4470837,,0,,3242116,,1,0,,,IC50,,,,CHEMBL2364683,Bacteria,Bacterial urease,2,,,IC50,,,,
Not Active,19370444,[],CHEMBL4424772,Inhibition of bacterial urease using urea as substrate preincubated for 15 mins followed by substrate addition by ELISA,B,,,BAO_0000190,BAO_0000223,protein complex format,O=S(=O)(NN=C(c1ccccc1)c1ccccc1)c1ccccc1Cl,,,CHEMBL4422682,Bioorg Med Chem,2019,,CHEMBL4437623,,CHEMBL4437623,,0,,3242115,,1,0,,,IC50,,,,CHEMBL2364683,Bacteria,Bacterial urease,2,,,IC50,,,,
Not Active,19370445,[],CHEMBL4424772,Inhibition of bacterial urease using urea as substrate preincubated for 15 mins followed by substrate addition by ELISA,B,,,BAO_0000190,BAO_0000223,protein complex format,O=S(=O)(NN=C(c1ccccc1)c1ccccc1)c1ccccc1,,,CHEMBL4422682,Bioorg Med Chem,2019,,CHEMBL2134580,,CHEMBL2134580,,0,,3242114,,1,0,,,IC50,,,,CHEMBL2364683,Bacteria,Bacterial urease,2,,,IC50,,,,
,19370446,[],CHEMBL4424772,Inhibition of bacterial urease using urea as substrate preincubated for 15 mins followed by substrate addition by ELISA,B,,,BAO_0000190,BAO_0000223,protein complex format,O=S(=O)(N/N=C(\c1ccccc1)c1ccc(O)cc1)c1ccccc1,,,CHEMBL4422682,Bioorg Med Chem,2019,"{'bei': '13.59', 'le': '0.26', 'lle': '1.67', 'sei': '6.08'}",CHEMBL4521852,,CHEMBL4521852,4.79,0,http://www.openphacts.org/units/Nanomolar,3242113,=,1,1,=,,IC50,nM,,16300.0,CHEMBL2364683,Bacteria,Bacterial urease,2,,,IC50,uM,UO_0000065,,16.3
,19370447,[],CHEMBL4424772,Inhibition of bacterial urease using urea as substrate preincubated for 15 mins followed by substrate addition by ELISA,B,,,BAO_0000190,BAO_0000223,protein complex format,CS(=O)(=O)N/N=C(\c1ccccc1)c1ccc(O)cc1,,,CHEMBL4422682,Bioorg Med Chem,2019,"{'bei': '15.03', 'le': '0.30', 'lle': '2.67', 'sei': '5.54'}",CHEMBL4568517,,CHEMBL4568517,4.36,0,http://www.openphacts.org/units/Nanomolar,3242112,=,1,1,=,,IC50,nM,,43390.0,CHEMBL2364683,Bacteria,Bacterial urease,2,,,IC50,uM,UO_0000065,,43.39
,19370448,[],CHEMBL4424772,Inhibition of bacterial urease using urea as substrate preincubated for 15 mins followed by substrate addition by ELISA,B,,,BAO_0000190,BAO_0000223,protein complex format,O=S(=O)(N/N=C(\c1ccccc1)c1ccc(O)cc1)c1ccccc1Cl,,,CHEMBL4422682,Bioorg Med Chem,2019,"{'bei': '12.33', 'le': '0.25', 'lle': '0.99', 'sei': '6.06'}",CHEMBL4446149,,CHEMBL4446149,4.77,0,http://www.openphacts.org/units/Nanomolar,3242111,=,1,1,=,,IC50,nM,,16910.0,CHEMBL2364683,Bacteria,Bacterial urease,2,,,IC50,uM,UO_0000065,,16.91
,19370449,[],CHEMBL4424772,Inhibition of bacterial urease using urea as substrate preincubated for 15 mins followed by substrate addition by ELISA,B,,,BAO_0000190,BAO_0000223,protein complex format,O=S(=O)(N/N=C(\c1ccccc1)c1ccc(O)cc1)c1cc(Cl)c(Cl)cc1Cl,,,CHEMBL4422682,Bioorg Med Chem,2019,"{'bei': '9.30', 'le': '0.21', 'lle': '-0.84', 'sei': '5.38'}",CHEMBL4572204,,CHEMBL4572204,4.24,0,http://www.openphacts.org/units/Nanomolar,3242110,=,1,1,=,,IC50,nM,,57880.0,CHEMBL2364683,Bacteria,Bacterial urease,2,,,IC50,uM,UO_0000065,,57.88
,19370450,[],CHEMBL4424772,Inhibition of bacterial urease using urea as substrate preincubated for 15 mins followed by substrate addition by ELISA,B,,,BAO_0000190,BAO_0000223,protein complex format,CN(C)c1cccc2c(S(=O)(=O)N/N=C(\c3ccccc3)c3ccc(O)cc3)cccc12,,,CHEMBL4422682,Bioorg Med Chem,2019,"{'bei': '11.77', 'le': '0.22', 'lle': '0.90', 'sei': '6.40'}",CHEMBL4441391,,CHEMBL4441391,5.24,0,http://www.openphacts.org/units/Nanomolar,3242109,=,1,1,=,,IC50,nM,,5700.0,CHEMBL2364683,Bacteria,Bacterial urease,2,,,IC50,uM,UO_0000065,,5.7
,19370451,[],CHEMBL4424772,Inhibition of bacterial urease using urea as substrate preincubated for 15 mins followed by substrate addition by ELISA,B,,,BAO_0000190,BAO_0000223,protein complex format,O=S(=O)(CCCl)N/N=C(\c1ccccc1)c1ccc(O)cc1,,,CHEMBL4422682,Bioorg Med Chem,2019,"{'bei': '12.57', 'le': '0.26', 'lle': '1.96', 'sei': '5.41'}",CHEMBL4592281,,CHEMBL4592281,4.26,0,http://www.openphacts.org/units/Nanomolar,3242108,=,1,1,=,,IC50,nM,,55040.0,CHEMBL2364683,Bacteria,Bacterial urease,2,,,IC50,uM,UO_0000065,,55.04
,19370452,[],CHEMBL4424772,Inhibition of bacterial urease using urea as substrate preincubated for 15 mins followed by substrate addition by ELISA,B,,,BAO_0000190,BAO_0000223,protein complex format,O=S(=O)(N/N=C(\c1ccccc1)c1ccc(O)cc1)c1ccc(Cl)cc1Cl,,,CHEMBL4422682,Bioorg Med Chem,2019,"{'bei': '11.26', 'le': '0.24', 'lle': '0.31', 'sei': '6.02'}",CHEMBL4474805,,CHEMBL4474805,4.75,0,http://www.openphacts.org/units/Nanomolar,3242107,=,1,1,=,,IC50,nM,,17990.0,CHEMBL2364683,Bacteria,Bacterial urease,2,,,IC50,uM,UO_0000065,,17.99
,19370453,[],CHEMBL4424772,Inhibition of bacterial urease using urea as substrate preincubated for 15 mins followed by substrate addition by ELISA,B,,,BAO_0000190,BAO_0000223,protein complex format,O=S(=O)(N/N=C(\c1ccccc1)c1ccc(O)cc1)c1cc(Cl)ccc1Cl,,,CHEMBL4422682,Bioorg Med Chem,2019,"{'bei': '10.69', 'le': '0.23', 'lle': '0.08', 'sei': '5.72'}",CHEMBL4557719,,CHEMBL4557719,4.51,0,http://www.openphacts.org/units/Nanomolar,3242106,=,1,1,=,,IC50,nM,,31200.0,CHEMBL2364683,Bacteria,Bacterial urease,2,,,IC50,uM,UO_0000065,,31.2
,19370454,[],CHEMBL4424772,Inhibition of bacterial urease using urea as substrate preincubated for 15 mins followed by substrate addition by ELISA,B,,,BAO_0000190,BAO_0000223,protein complex format,O=S(=O)(N/N=C(\c1ccccc1)c1ccc(O)cc1)c1cc(Cl)cc(Cl)c1O,,,CHEMBL4422682,Bioorg Med Chem,2019,"{'bei': '12.13', 'le': '0.26', 'lle': '1.16', 'sei': '5.36'}",CHEMBL4473387,,CHEMBL4473387,5.30,0,http://www.openphacts.org/units/Nanomolar,3242105,=,1,1,=,,IC50,nM,,4970.0,CHEMBL2364683,Bacteria,Bacterial urease,2,,,IC50,uM,UO_0000065,,4.97
,19370455,[],CHEMBL4424772,Inhibition of bacterial urease using urea as substrate preincubated for 15 mins followed by substrate addition by ELISA,B,,,BAO_0000190,BAO_0000223,protein complex format,COc1ccc(S(=O)(=O)N/N=C(\c2ccccc2)c2ccc(O)cc2)cc1,,,CHEMBL4422682,Bioorg Med Chem,2019,"{'bei': '12.65', 'le': '0.24', 'lle': '1.71', 'sei': '5.50'}",CHEMBL4587997,,CHEMBL4587997,4.84,0,http://www.openphacts.org/units/Nanomolar,3242104,=,1,1,=,,IC50,nM,,14510.0,CHEMBL2364683,Bacteria,Bacterial urease,2,,,IC50,uM,UO_0000065,,14.51
,19370456,[],CHEMBL4424772,Inhibition of bacterial urease using urea as substrate preincubated for 15 mins followed by substrate addition by ELISA,B,,,BAO_0000190,BAO_0000223,protein complex format,O=[N+]([O-])c1cccc(S(=O)(=O)N/N=C(\c2ccccc2)c2ccc(O)cc2)c1,,,CHEMBL4422682,Bioorg Med Chem,2019,"{'bei': '12.24', 'le': '0.24', 'lle': '1.83', 'sei': '3.99'}",CHEMBL4436232,,CHEMBL4436232,4.86,0,http://www.openphacts.org/units/Nanomolar,3242103,=,1,1,=,,IC50,nM,,13730.0,CHEMBL2364683,Bacteria,Bacterial urease,2,,,IC50,uM,UO_0000065,,13.73
,19370457,[],CHEMBL4424772,Inhibition of bacterial urease using urea as substrate preincubated for 15 mins followed by substrate addition by ELISA,B,,,BAO_0000190,BAO_0000223,protein complex format,O=[N+]([O-])c1ccc(S(=O)(=O)N/N=C(\c2ccccc2)c2ccc(O)cc2)cc1,,,CHEMBL4422682,Bioorg Med Chem,2019,"{'bei': '13.61', 'le': '0.26', 'lle': '2.38', 'sei': '4.44'}",CHEMBL4437765,,CHEMBL4437765,5.41,0,http://www.openphacts.org/units/Nanomolar,3242102,=,1,1,=,,IC50,nM,,3900.0,CHEMBL2364683,Bacteria,Bacterial urease,2,,,IC50,uM,UO_0000065,,3.9
