activity_comment,activity_id,activity_properties,assay_chembl_id,assay_description,assay_type,assay_variant_accession,assay_variant_mutation,bao_endpoint,bao_format,bao_label,canonical_smiles,data_validity_comment,data_validity_description,document_chembl_id,document_journal,document_year,ligand_efficiency,molecule_chembl_id,molecule_pref_name,parent_molecule_chembl_id,pchembl_value,potential_duplicate,qudt_units,record_id,relation,src_id,standard_flag,standard_relation,standard_text_value,standard_type,standard_units,standard_upper_value,standard_value,target_chembl_id,target_organism,target_pref_name,target_tax_id,text_value,toid,type,units,uo_units,upper_value,value
,2379887,[],CHEMBL997003,Inhibition of Helicobacter pylori urease,B,,,BAO_0000190,BAO_0000357,single protein format,NCC(=O)NCC(=O)NO,,,CHEMBL1140057,J Med Chem,2008,"{'bei': '41.48', 'le': '0.83', 'lle': '8.53', 'sei': '5.84'}",CHEMBL462481,,CHEMBL462481,6.10,0,http://www.openphacts.org/units/Nanomolar,747950,=,1,1,=,,IC50,nM,,790.0,CHEMBL5325,Helicobacter pylori,Urease,210,,,IC50,uM,UO_0000065,,0.79
,18304008,[],CHEMBL4125302,Inhibition of Campylobacter pylori urease preincubated for 5 mins followed by urea addition measured after 10 mins by Berthelot assay,B,,,BAO_0000190,BAO_0000357,single protein format,O=C(CCSc1nnc(Cc2csc(NC(=O)c3ccccc3)n2)o1)Nc1ccccc1,,,CHEMBL4118270,Bioorg Med Chem,2018,"{'bei': '11.88', 'le': '0.24', 'lle': '1.04', 'sei': '5.03'}",CHEMBL4130000,,CHEMBL4130000,5.53,0,http://www.openphacts.org/units/Nanomolar,3038529,=,1,1,=,,IC50,nM,,2950.0,CHEMBL5325,Helicobacter pylori,Urease,210,,,IC50,uM,UO_0000065,,2.95
,18304009,[],CHEMBL4125302,Inhibition of Campylobacter pylori urease preincubated for 5 mins followed by urea addition measured after 10 mins by Berthelot assay,B,,,BAO_0000190,BAO_0000357,single protein format,Cc1ccccc1NC(=O)CCSc1nnc(Cc2csc(NC(=O)c3ccccc3)n2)o1,,,CHEMBL4118270,Bioorg Med Chem,2018,"{'bei': '10.69', 'le': '0.21', 'lle': '0.33', 'sei': '4.66'}",CHEMBL4129736,,CHEMBL4129736,5.13,0,http://www.openphacts.org/units/Nanomolar,3038530,=,1,1,=,,IC50,nM,,7470.0,CHEMBL5325,Helicobacter pylori,Urease,210,,,IC50,uM,UO_0000065,,7.47
,18304010,[],CHEMBL4125302,Inhibition of Campylobacter pylori urease preincubated for 5 mins followed by urea addition measured after 10 mins by Berthelot assay,B,,,BAO_0000190,BAO_0000357,single protein format,Cc1cccc(NC(=O)CCSc2nnc(Cc3csc(NC(=O)c4ccccc4)n3)o2)c1,,,CHEMBL4118270,Bioorg Med Chem,2018,"{'bei': '10.24', 'le': '0.20', 'lle': '0.11', 'sei': '4.47'}",CHEMBL4126448,,CHEMBL4126448,4.91,0,http://www.openphacts.org/units/Nanomolar,3038531,=,1,1,=,,IC50,nM,,12230.0,CHEMBL5325,Helicobacter pylori,Urease,210,,,IC50,uM,UO_0000065,,12.23
,18304011,[],CHEMBL4125302,Inhibition of Campylobacter pylori urease preincubated for 5 mins followed by urea addition measured after 10 mins by Berthelot assay,B,,,BAO_0000190,BAO_0000357,single protein format,Cc1ccc(NC(=O)CCSc2nnc(Cc3csc(NC(=O)c4ccccc4)n3)o2)cc1,,,CHEMBL4118270,Bioorg Med Chem,2018,"{'bei': '9.46', 'le': '0.19', 'lle': '-0.27', 'sei': '4.12'}",CHEMBL4126307,,CHEMBL4126307,4.54,0,http://www.openphacts.org/units/Nanomolar,3038532,=,1,1,=,,IC50,nM,,29180.0,CHEMBL5325,Helicobacter pylori,Urease,210,,,IC50,uM,UO_0000065,,29.18
,18304012,[],CHEMBL4125302,Inhibition of Campylobacter pylori urease preincubated for 5 mins followed by urea addition measured after 10 mins by Berthelot assay,B,,,BAO_0000190,BAO_0000357,single protein format,Cc1cccc(NC(=O)CCSc2nnc(Cc3csc(NC(=O)c4ccccc4)n3)o2)c1C,,,CHEMBL4118270,Bioorg Med Chem,2018,"{'bei': '8.75', 'le': '0.17', 'lle': '-0.79', 'sei': '3.92'}",CHEMBL4127682,,CHEMBL4127682,4.32,0,http://www.openphacts.org/units/Nanomolar,3038533,=,1,1,=,,IC50,nM,,48160.0,CHEMBL5325,Helicobacter pylori,Urease,210,,,IC50,uM,UO_0000065,,48.16
,18304013,[],CHEMBL4125302,Inhibition of Campylobacter pylori urease preincubated for 5 mins followed by urea addition measured after 10 mins by Berthelot assay,B,,,BAO_0000190,BAO_0000357,single protein format,Cc1ccc(C)c(NC(=O)CCSc2nnc(Cc3csc(NC(=O)c4ccccc4)n3)o2)c1,,,CHEMBL4118270,Bioorg Med Chem,2018,"{'bei': '9.76', 'le': '0.19', 'lle': '-0.29', 'sei': '4.38'}",CHEMBL4127272,,CHEMBL4127272,4.82,0,http://www.openphacts.org/units/Nanomolar,3038534,=,1,1,=,,IC50,nM,,15250.0,CHEMBL5325,Helicobacter pylori,Urease,210,,,IC50,uM,UO_0000065,,15.25
,18304014,[],CHEMBL4125302,Inhibition of Campylobacter pylori urease preincubated for 5 mins followed by urea addition measured after 10 mins by Berthelot assay,B,,,BAO_0000190,BAO_0000357,single protein format,Cc1cccc(C)c1NC(=O)CCSc1nnc(Cc2csc(NC(=O)c3ccccc3)n2)o1,,,CHEMBL4118270,Bioorg Med Chem,2018,"{'bei': '11.25', 'le': '0.22', 'lle': '0.44', 'sei': '5.05'}",CHEMBL4128654,,CHEMBL4128654,5.55,0,http://www.openphacts.org/units/Nanomolar,3038535,=,1,1,=,,IC50,nM,,2790.0,CHEMBL5325,Helicobacter pylori,Urease,210,,,IC50,uM,UO_0000065,,2.79
,18304015,[],CHEMBL4125302,Inhibition of Campylobacter pylori urease preincubated for 5 mins followed by urea addition measured after 10 mins by Berthelot assay,B,,,BAO_0000190,BAO_0000357,single protein format,Cc1ccc(NC(=O)CCSc2nnc(Cc3csc(NC(=O)c4ccccc4)n3)o2)cc1C,,,CHEMBL4118270,Bioorg Med Chem,2018,"{'bei': '9.05', 'le': '0.18', 'lle': '-0.64', 'sei': '4.06'}",CHEMBL4128510,,CHEMBL4128510,4.47,0,http://www.openphacts.org/units/Nanomolar,3038536,=,1,1,=,,IC50,nM,,34190.0,CHEMBL5325,Helicobacter pylori,Urease,210,,,IC50,uM,UO_0000065,,34.19
,18304016,[],CHEMBL4125302,Inhibition of Campylobacter pylori urease preincubated for 5 mins followed by urea addition measured after 10 mins by Berthelot assay,B,,,BAO_0000190,BAO_0000357,single protein format,Cc1cc(C)cc(NC(=O)CCSc2nnc(Cc3csc(NC(=O)c4ccccc4)n3)o2)c1,,,CHEMBL4118270,Bioorg Med Chem,2018,"{'bei': '8.68', 'le': '0.17', 'lle': '-0.83', 'sei': '3.89'}",CHEMBL4129880,,CHEMBL4129880,4.28,0,http://www.openphacts.org/units/Nanomolar,3038537,=,1,1,=,,IC50,nM,,52120.0,CHEMBL5325,Helicobacter pylori,Urease,210,,,IC50,uM,UO_0000065,,52.12
,18304017,[],CHEMBL4125302,Inhibition of Campylobacter pylori urease preincubated for 5 mins followed by urea addition measured after 10 mins by Berthelot assay,B,,,BAO_0000190,BAO_0000357,single protein format,CCc1ccccc1NC(=O)CCSc1nnc(Cc2csc(NC(=O)c3ccccc3)n2)o1,,,CHEMBL4118270,Bioorg Med Chem,2018,"{'bei': '11.32', 'le': '0.22', 'lle': '0.54', 'sei': '5.08'}",CHEMBL4129997,,CHEMBL4129997,5.59,0,http://www.openphacts.org/units/Nanomolar,3038538,=,1,1,=,,IC50,nM,,2580.0,CHEMBL5325,Helicobacter pylori,Urease,210,,,IC50,uM,UO_0000065,,2.58
,18304018,[],CHEMBL4125302,Inhibition of Campylobacter pylori urease preincubated for 5 mins followed by urea addition measured after 10 mins by Berthelot assay,B,,,BAO_0000190,BAO_0000357,single protein format,CCc1ccc(NC(=O)CCSc2nnc(Cc3csc(NC(=O)c4ccccc4)n3)o2)cc1,,,CHEMBL4118270,Bioorg Med Chem,2018,"{'bei': '8.84', 'le': '0.18', 'lle': '-0.69', 'sei': '3.97'}",CHEMBL4126727,,CHEMBL4126727,4.37,0,http://www.openphacts.org/units/Nanomolar,3038539,=,1,1,=,,IC50,nM,,43180.0,CHEMBL5325,Helicobacter pylori,Urease,210,,,IC50,uM,UO_0000065,,43.18
,18304019,[],CHEMBL4125302,Inhibition of Campylobacter pylori urease preincubated for 5 mins followed by urea addition measured after 10 mins by Berthelot assay,B,,,BAO_0000190,BAO_0000357,single protein format,CCOc1ccc(NC(=O)CCSc2nnc(Cc3csc(NC(=O)c4ccccc4)n3)o2)cc1,,,CHEMBL4118270,Bioorg Med Chem,2018,"{'bei': '9.09', 'le': '0.18', 'lle': '-0.26', 'sei': '3.89'}",CHEMBL4127102,,CHEMBL4127102,4.63,0,http://www.openphacts.org/units/Nanomolar,3038540,=,1,1,=,,IC50,nM,,23240.0,CHEMBL5325,Helicobacter pylori,Urease,210,,,IC50,uM,UO_0000065,,23.24
,18304020,[],CHEMBL4125302,Inhibition of Campylobacter pylori urease preincubated for 5 mins followed by urea addition measured after 10 mins by Berthelot assay,B,,,BAO_0000190,BAO_0000357,single protein format,NC(N)=S,,,CHEMBL4118270,Bioorg Med Chem,2018,"{'bei': '61.42', 'le': '1.60', 'lle': '5.49', 'sei': '8.98'}",CHEMBL260876,THIOUREA,CHEMBL260876,4.68,0,http://www.openphacts.org/units/Nanomolar,3038541,=,1,1,=,,IC50,nM,,21110.0,CHEMBL5325,Helicobacter pylori,Urease,210,,,IC50,uM,UO_0000065,,21.11
,18763620,[],CHEMBL4266983,Inhibition of Helicobacter pylori urease after 50 mins by indophenol method,B,,,BAO_0000190,BAO_0000357,single protein format,CC(C)=CCN1C(=O)/C(=N/NC(=O)c2ccccc2)c2ccccc21,Outside typical range,"Values for this activity type are unusually large/small, so may not be accurate",CHEMBL4265894,Bioorg Med Chem Lett,2018,,CHEMBL4291305,,CHEMBL4291305,,0,http://www.openphacts.org/units/Nanomolar,3117726,=,1,1,=,,IC50,nM,,129000.0,CHEMBL5325,Helicobacter pylori,Urease,210,,,IC50,uM,UO_0000065,,129.0
,18763621,[],CHEMBL4266983,Inhibition of Helicobacter pylori urease after 50 mins by indophenol method,B,,,BAO_0000190,BAO_0000357,single protein format,CC(C)=CCN1C(=O)/C(=N/NC(=O)c2ccc(F)cc2)c2ccccc21,Outside typical range,"Values for this activity type are unusually large/small, so may not be accurate",CHEMBL4265894,Bioorg Med Chem Lett,2018,,CHEMBL4286810,,CHEMBL4286810,,0,http://www.openphacts.org/units/Nanomolar,3117727,=,1,1,=,,IC50,nM,,154000.0,CHEMBL5325,Helicobacter pylori,Urease,210,,,IC50,uM,UO_0000065,,154.0
,18763622,[],CHEMBL4266983,Inhibition of Helicobacter pylori urease after 50 mins by indophenol method,B,,,BAO_0000190,BAO_0000357,single protein format,CC(C)=CCN1C(=O)/C(=N/NC(=O)c2ccc(Cl)cc2)c2ccccc21,Outside typical range,"Values for this activity type are unusually large/small, so may not be accurate",CHEMBL4265894,Bioorg Med Chem Lett,2018,,CHEMBL4294712,,CHEMBL4294712,,0,http://www.openphacts.org/units/Nanomolar,3117728,=,1,1,=,,IC50,nM,,143000.0,CHEMBL5325,Helicobacter pylori,Urease,210,,,IC50,uM,UO_0000065,,143.0
,18763623,[],CHEMBL4266983,Inhibition of Helicobacter pylori urease after 50 mins by indophenol method,B,,,BAO_0000190,BAO_0000357,single protein format,CC(C)=CCN1C(=O)/C(=N/NC(=O)c2ccc(Br)cc2)c2ccccc21,,,CHEMBL4265894,Bioorg Med Chem Lett,2018,"{'bei': '9.89', 'le': '0.21', 'lle': '0.18', 'sei': '6.60'}",CHEMBL4281503,,CHEMBL4281503,4.08,0,http://www.openphacts.org/units/Nanomolar,3117729,=,1,1,=,,IC50,nM,,83900.0,CHEMBL5325,Helicobacter pylori,Urease,210,,,IC50,uM,UO_0000065,,83.9
,18763624,[],CHEMBL4266983,Inhibition of Helicobacter pylori urease after 50 mins by indophenol method,B,,,BAO_0000190,BAO_0000357,single protein format,CC(C)=CCN1C(=O)/C(=N/NC(=O)c2ccc(C)cc2)c2ccccc21,,,CHEMBL4265894,Bioorg Med Chem Lett,2018,"{'bei': '13.02', 'le': '0.24', 'lle': '1.08', 'sei': '7.32'}",CHEMBL4289384,,CHEMBL4289384,4.52,0,http://www.openphacts.org/units/Nanomolar,3117730,=,1,1,=,,IC50,nM,,29900.0,CHEMBL5325,Helicobacter pylori,Urease,210,,,IC50,uM,UO_0000065,,29.9
,18763625,[],CHEMBL4266983,Inhibition of Helicobacter pylori urease after 50 mins by indophenol method,B,,,BAO_0000190,BAO_0000357,single protein format,COc1ccc(C(=O)N/N=C2/C(=O)N(CC=C(C)C)c3ccccc32)cc1,,,CHEMBL4265894,Bioorg Med Chem Lett,2018,"{'bei': '14.19', 'le': '0.26', 'lle': '2.02', 'sei': '7.26'}",CHEMBL4287490,,CHEMBL4287490,5.16,0,http://www.openphacts.org/units/Nanomolar,3117731,=,1,1,=,,IC50,nM,,6990.0,CHEMBL5325,Helicobacter pylori,Urease,210,,,IC50,uM,UO_0000065,,6.99
,18763626,[],CHEMBL4266983,Inhibition of Helicobacter pylori urease after 50 mins by indophenol method,B,,,BAO_0000190,BAO_0000357,single protein format,CC(C)=CCN1C(=O)/C(=N/NC(=O)c2ccc(C(C)C)cc2)c2ccccc21,,,CHEMBL4265894,Bioorg Med Chem Lett,2018,"{'bei': '12.86', 'le': '0.24', 'lle': '0.57', 'sei': '7.81'}",CHEMBL4279579,,CHEMBL4279579,4.83,0,http://www.openphacts.org/units/Nanomolar,3117732,=,1,1,=,,IC50,nM,,14900.0,CHEMBL5325,Helicobacter pylori,Urease,210,,,IC50,uM,UO_0000065,,14.9
,18763627,[],CHEMBL4266983,Inhibition of Helicobacter pylori urease after 50 mins by indophenol method,B,,,BAO_0000190,BAO_0000357,single protein format,CC(C)=CCN1C(=O)/C(=N/NC(=O)c2ccc(C(C)(C)C)cc2)c2ccccc21,,,CHEMBL4265894,Bioorg Med Chem Lett,2018,"{'bei': '12.09', 'le': '0.22', 'lle': '0.28', 'sei': '7.63'}",CHEMBL4290913,,CHEMBL4290913,4.71,0,http://www.openphacts.org/units/Nanomolar,3117733,=,1,1,=,,IC50,nM,,19500.0,CHEMBL5325,Helicobacter pylori,Urease,210,,,IC50,uM,UO_0000065,,19.5
,18763628,[],CHEMBL4266983,Inhibition of Helicobacter pylori urease after 50 mins by indophenol method,B,,,BAO_0000190,BAO_0000357,single protein format,CC(C)=CCN1C(=O)/C(=N/NC(=O)c2ccc(C(F)(F)F)cc2)c2ccccc21,,,CHEMBL4265894,Bioorg Med Chem Lett,2018,"{'bei': '10.85', 'le': '0.21', 'lle': '0.21', 'sei': '7.05'}",CHEMBL4283043,,CHEMBL4283043,4.36,0,http://www.openphacts.org/units/Nanomolar,3117734,=,1,1,=,,IC50,nM,,44100.0,CHEMBL5325,Helicobacter pylori,Urease,210,,,IC50,uM,UO_0000065,,44.1
,18763629,[],CHEMBL4266983,Inhibition of Helicobacter pylori urease after 50 mins by indophenol method,B,,,BAO_0000190,BAO_0000357,single protein format,CC(C)=CCN1C(=O)/C(=N/NC(=O)c2ccc(Oc3ccccc3)cc2)c2ccccc21,,,CHEMBL4265894,Bioorg Med Chem Lett,2018,"{'bei': '10.91', 'le': '0.20', 'lle': '-0.29', 'sei': '6.54'}",CHEMBL4294307,,CHEMBL4294307,4.64,0,http://www.openphacts.org/units/Nanomolar,3117735,=,1,1,=,,IC50,nM,,22700.0,CHEMBL5325,Helicobacter pylori,Urease,210,,,IC50,uM,UO_0000065,,22.7
,18763630,[],CHEMBL4266983,Inhibition of Helicobacter pylori urease after 50 mins by indophenol method,B,,,BAO_0000190,BAO_0000357,single protein format,CC(C)=CCN1C(=O)/C(=N/NC(=O)c2cccc(Cl)c2)c2ccccc21,,,CHEMBL4265894,Bioorg Med Chem Lett,2018,"{'bei': '12.01', 'le': '0.23', 'lle': '0.63', 'sei': '7.15'}",CHEMBL4279161,,CHEMBL4279161,4.42,0,http://www.openphacts.org/units/Nanomolar,3117737,=,1,1,=,,IC50,nM,,38100.0,CHEMBL5325,Helicobacter pylori,Urease,210,,,IC50,uM,UO_0000065,,38.1
,18763631,[],CHEMBL4266983,Inhibition of Helicobacter pylori urease after 50 mins by indophenol method,B,,,BAO_0000190,BAO_0000357,single protein format,CC(C)=CCN1C(=O)/C(=N/NC(=O)c2cccc(Br)c2)c2ccccc21,,,CHEMBL4265894,Bioorg Med Chem Lett,2018,"{'bei': '11.06', 'le': '0.24', 'lle': '0.66', 'sei': '7.38'}",CHEMBL4289842,,CHEMBL4289842,4.56,0,http://www.openphacts.org/units/Nanomolar,3117738,=,1,1,=,,IC50,nM,,27600.0,CHEMBL5325,Helicobacter pylori,Urease,210,,,IC50,uM,UO_0000065,,27.6
,18763632,[],CHEMBL4266983,Inhibition of Helicobacter pylori urease after 50 mins by indophenol method,B,,,BAO_0000190,BAO_0000357,single protein format,COc1cccc(C(=O)N/N=C2/C(=O)N(CC=C(C)C)c3ccccc32)c1,,,CHEMBL4265894,Bioorg Med Chem Lett,2018,"{'bei': '13.99', 'le': '0.26', 'lle': '1.95', 'sei': '7.16'}",CHEMBL4282631,,CHEMBL4282631,5.09,0,http://www.openphacts.org/units/Nanomolar,3117739,=,1,1,=,,IC50,nM,,8210.0,CHEMBL5325,Helicobacter pylori,Urease,210,,,IC50,uM,UO_0000065,,8.21
,18763633,[],CHEMBL4266983,Inhibition of Helicobacter pylori urease after 50 mins by indophenol method,B,,,BAO_0000190,BAO_0000357,single protein format,CC(C)=CCN1C(=O)/C(=N/NC(=O)c2cccc(C(F)(F)F)c2)c2ccccc21,,,CHEMBL4265894,Bioorg Med Chem Lett,2018,"{'bei': '10.42', 'le': '0.20', 'lle': '0.03', 'sei': '6.77'}",CHEMBL4293217,,CHEMBL4293217,4.18,0,http://www.openphacts.org/units/Nanomolar,3117740,=,1,1,=,,IC50,nM,,65800.0,CHEMBL5325,Helicobacter pylori,Urease,210,,,IC50,uM,UO_0000065,,65.8
,18763634,[],CHEMBL4266983,Inhibition of Helicobacter pylori urease after 50 mins by indophenol method,B,,,BAO_0000190,BAO_0000357,single protein format,COc1ccccc1C(=O)N/N=C1/C(=O)N(CC=C(C)C)c2ccccc21,,,CHEMBL4265894,Bioorg Med Chem Lett,2018,"{'bei': '13.57', 'le': '0.25', 'lle': '1.79', 'sei': '6.95'}",CHEMBL4289523,,CHEMBL4289523,4.93,0,http://www.openphacts.org/units/Nanomolar,3117741,=,1,1,=,,IC50,nM,,11700.0,CHEMBL5325,Helicobacter pylori,Urease,210,,,IC50,uM,UO_0000065,,11.7
,18763635,[],CHEMBL4266983,Inhibition of Helicobacter pylori urease after 50 mins by indophenol method,B,,,BAO_0000190,BAO_0000357,single protein format,CC(C)=CCN1C(=O)/C(=N/NC(=O)c2cc(C)cc(C)c2)c2ccccc21,,,CHEMBL4265894,Bioorg Med Chem Lett,2018,"{'bei': '14.83', 'le': '0.27', 'lle': '1.61', 'sei': '8.67'}",CHEMBL4278846,,CHEMBL4278846,5.36,0,http://www.openphacts.org/units/Nanomolar,3117742,=,1,1,=,,IC50,nM,,4380.0,CHEMBL5325,Helicobacter pylori,Urease,210,,,IC50,uM,UO_0000065,,4.38
,18763636,[],CHEMBL4266983,Inhibition of Helicobacter pylori urease after 50 mins by indophenol method,B,,,BAO_0000190,BAO_0000357,single protein format,COc1cc(OC)cc(C(=O)N/N=C2/C(=O)N(CC=C(C)C)c3ccccc32)c1,,,CHEMBL4265894,Bioorg Med Chem Lett,2018,"{'bei': '14.92', 'le': '0.28', 'lle': '2.72', 'sei': '7.32'}",CHEMBL4286094,,CHEMBL4286094,5.87,0,http://www.openphacts.org/units/Nanomolar,3117743,=,1,1,=,,IC50,nM,,1350.0,CHEMBL5325,Helicobacter pylori,Urease,210,,,IC50,uM,UO_0000065,,1.35
,18763637,[],CHEMBL4266983,Inhibition of Helicobacter pylori urease after 50 mins by indophenol method,B,,,BAO_0000190,BAO_0000357,single protein format,COc1ccc(C(=O)N/N=C2/C(=O)N(CC=C(C)C)c3ccccc32)cc1OC,,,CHEMBL4265894,Bioorg Med Chem Lett,2018,"{'bei': '15.63', 'le': '0.29', 'lle': '3.00', 'sei': '7.66'}",CHEMBL4293995,,CHEMBL4293995,6.15,0,http://www.openphacts.org/units/Nanomolar,3117744,=,1,1,=,,IC50,nM,,710.0,CHEMBL5325,Helicobacter pylori,Urease,210,,,IC50,uM,UO_0000065,,0.71
,18763638,[],CHEMBL4266983,Inhibition of Helicobacter pylori urease after 50 mins by indophenol method,B,,,BAO_0000190,BAO_0000357,single protein format,COc1ccc(C(=O)N/N=C2/C(=O)N(CC=C(C)C)c3ccccc32)cc1F,,,CHEMBL4265894,Bioorg Med Chem Lett,2018,"{'bei': '14.21', 'le': '0.26', 'lle': '2.14', 'sei': '7.63'}",CHEMBL4277785,,CHEMBL4277785,5.42,0,http://www.openphacts.org/units/Nanomolar,3117745,=,1,1,=,,IC50,nM,,3820.0,CHEMBL5325,Helicobacter pylori,Urease,210,,,IC50,uM,UO_0000065,,3.82
,18763639,[],CHEMBL4266983,Inhibition of Helicobacter pylori urease after 50 mins by indophenol method,B,,,BAO_0000190,BAO_0000357,single protein format,CC(C)=CCN1C(=O)/C(=N/Nc2ccccc2)c2ccccc21,Outside typical range,"Values for this activity type are unusually large/small, so may not be accurate",CHEMBL4265894,Bioorg Med Chem Lett,2018,,CHEMBL4285715,,CHEMBL4285715,,0,http://www.openphacts.org/units/Nanomolar,3117746,>,1,1,>,,IC50,nM,,300000.0,CHEMBL5325,Helicobacter pylori,Urease,210,,,IC50,uM,UO_0000065,,300.0
,18763640,[],CHEMBL4266983,Inhibition of Helicobacter pylori urease after 50 mins by indophenol method,B,,,BAO_0000190,BAO_0000357,single protein format,CC(=O)NO,,,CHEMBL4265894,Bioorg Med Chem Lett,2018,"{'bei': '63.47', 'le': '1.30', 'lle': '5.25', 'sei': '9.66'}",CHEMBL734,ACETOHYDROXAMIC ACID,CHEMBL734,4.76,0,http://www.openphacts.org/units/Nanomolar,3117747,=,1,1,=,,IC50,nM,,17200.0,CHEMBL5325,Helicobacter pylori,Urease,210,,,IC50,uM,UO_0000065,,17.2
